framework,phase,page,delay_ms,concurrency,repeat,seconds,requests,rps,qps,body_bytes,throughput_mib_s,latency_mean_ms,latency_p50_ms,latency_p95_ms,latency_p99_ms,ttfb_p50_ms,ttfb_p95_ms,cpu_pct,cpu_ms_per_req,elu_pct,eld_p99_ms,eld_max_ms,gc_count,gc_count_per_s,gc_total_ms,gc_ms_per_1000_req,gc_observed_pct,gc_max_ms,gc_major_count,rss_start_mib,rss_peak_mib,rss_end_mib,heap_start_mib,heap_peak_mib,heap_end_mib,cgroup_peak_mib,app_throttle_ms,load_cpu_pct,load_worker_eld_p99_max_ms,load_throttle_ms,backend_calls,backend_cpu_pct,backend_delay_mean_ms,backend_delay_p95_ms,backend_delay_max_ms,errors
next,matrix,hello,200,1,1,6.0694252849999994,28,4.61328687399766,4.61328687399766,4873,0.021439120232573123,216.11924960714273,214.06151199999977,226.85429099999965,241.62500899999986,213.83470399999987,226.73780400000032,7.587445232831721,16.595892857142857,6.4477814469728045,19.333119,47.054847,0,0.0,0,0.0,0,0,0,455.03515625,455.03515625,455.03515625,39.485809326171875,54.2764892578125,54.2764892578125,408.38671875,0.0,6.773831237318245,13.729791,0.0,28,4.175074989446397,201.20495267857248,203.40365400002338,208.03357900003903,0
next,matrix,hello,200,16,1,8.218285868999999,621,75.56320258248248,75.56320258248248,4873,0.3511614667744037,210.7386292640902,207.31312100000014,234.08625099999995,250.40883300000002,207.16776300000004,233.67792299999996,30.13605445870262,4.0052254428341385,26.7089266448274,18.333695,44.597247,19,2.3020853784623143,155.97144296765327,251.16174390926454,1.8897872542815966,25.840571001172066,3,455.03515625,455.03515625,455.03515625,36.00410461425781,68.5726089477539,41.68879699707031,408.38671875,0.0,12.455890893957728,13.934591,0.0,621,2.796924134236468,201.25382393719866,203.3507849999005,207.41894199990202,0
next,matrix,hello,200,16,2,8.118600390000001,608,74.889755720567,74.889755720567,4873,0.34803178751594827,212.87329786842102,211.357937,225.10535,229.84666800000014,211.21597799999995,225.00197600000007,27.432780625604984,3.6677121710526315,23.435205774329066,16.424959,18.874367,19,2.3373546084564167,137.76246596872807,226.5830032380396,1.694735445812246,15.949364989995956,3,518.44140625,518.57421875,518.57421875,77.28321075439453,85.085205078125,59.59339141845703,474.859375,0.0,10.18729565969559,14.934015,0.0,608,2.0463112947921074,201.0640519934348,203.30704600038007,205.1878729998134,0
next,matrix,hello,200,64,1,8.180942996,2464,301.18777275489526,301.18777275489526,4873,1.3996963659616513,210.39160545089297,206.47846600000048,233.42878500000006,268.041388,206.45726099999956,233.412912,50.5941369695591,1.6839890422077923,41.09096088373961,18.579455,31.260671,69,8.41335701311116,378.5961330085993,153.6510280067367,4.616325262006759,14.889954000711441,10,455.03515625,455.03515625,455.03515625,76.2924575805664,93.15963745117188,61.95893859863281,408.44921875,0.0,14.386882139641552,13.803519,0.0,2464,3.374928967029782,200.82697367613545,202.96007999998983,204.3837910000002,0
next,matrix,hello,200,64,2,8.195679306,2499,304.9167624421931,304.9167624421931,4873,1.417025931721503,207.9209445626252,206.03807899999993,217.458167,250.25672600000001,206.0046199999997,217.4317500000002,48.066664121050174,1.5801852741096438,36.87121279258084,16.048127,18.382847,72,8.76399684851542,363.611191958189,145.50267785441736,4.425954639453479,14.234577998518944,11,517.9765625,518.64453125,518.44140625,65.56916809082031,89.35364532470703,54.986328125,474.984375,0.0,9.884282862239797,15.089663,0.0,2499,2.36886928437625,200.90870362065067,203.29987999983132,205.4261640002951,0
next,matrix,hello,50,1,1,6.0234055710000005,99,16.43588478860541,16.43588478860541,4869,0.07631904891559577,60.65086405050506,60.56658799999968,65.079383,74.56485599999996,60.42802399999982,64.62174700000014,16.849917877513445,10.276030303030304,15.1009686392864,15.933439,25.739263,4,0.662517278220806,36.64358000457287,370.1371717633623,0.6069251222223991,20.212532997131348,1,330.40625,330.40625,330.40625,42.108978271484375,60.539947509765625,43.72747039794922,284.1171875,0.0,5.708545262313945,13.713407,0.0,99,2.3961161969296105,50.97886663636268,52.55614300002344,53.81326399999671,0
next,matrix,hello,50,16,1,8.039656154000001,2343,291.43037402591875,291.43037402591875,4869,1.353239527828406,54.688579900981644,53.85004000000026,60.10920200000055,68.38153500000044,53.82147000000009,60.089701999999306,49.54320089087105,1.7023615023474177,38.560074329137265,15.171583,19.578879,71,8.81897949310414,341.57549498975277,145.78552923164864,4.242742655861304,10.18521100282669,12,330.66796875,331.2421875,331.2421875,49.689300537109375,69.68700408935547,65.19808197021484,284.9140625,0.0,12.10001968233483,14.123007,0.0,2343,2.938642942245792,50.80837868800745,52.79083199996967,56.679523000027984,0
next,matrix,hello,50,16,2,8.057804005,2319,287.79553319502713,287.79553319502713,4869,1.336361361624324,55.35863159249679,54.6677380000001,61.637924,67.02199,54.63523900000018,61.61688299999969,49.3948522403058,1.7197369555843036,39.53768234282823,16.875519,20.840447,71,8.793813822379526,426.1153199672699,183.74959895095728,5.277716606557539,16.976153001189232,12,529.04296875,529.16796875,529.16796875,55.191688537597656,76.00431060791016,58.44776916503906,485.5,0.0,11.482247019770943,15.097855,0.0,2319,2.5200939024619418,50.980868441129644,53.61945000011474,55.468527999706566,0
next,matrix,hello,50,64,1,8.048109582,8858,1100.6311370077963,1100.6311370077963,4869,5.1107149182233425,57.93087432479108,56.32443200000034,67.04753199999959,88.83877600000005,56.312973999999485,67.04257400000006,103.80216679261412,0.944869383608038,75.12804154674373,16.375807,19.464191,238,29.517252025433027,864.9639599621296,97.64777150170802,10.727461848369218,9.377508997917175,34,341.0625,345.703125,345.59375,79.34294891357422,103.11163330078125,61.536277770996094,299.3203125,0.0,13.922900148036657,13.623295,0.0,8858,5.36694634525708,50.787787718108085,52.94170500000473,55.28292600001441,0
next,matrix,hello,50,64,2,8.052814188,8986,1115.8831919145234,1115.8831919145234,4869,5.181536923820318,57.140839325061215,56.27106599999979,64.24449900000036,73.78055099999999,56.26498399999991,64.23445700000048,97.4522411892548,0.8750045626530158,70.95960104479427,16.662527,22.380543,236,29.250082980285413,835.1601430177689,92.94014500531591,10.35106079876982,12.037794008851051,34,518.57421875,529.046875,529.04296875,69.6456298828125,107.32949829101562,84.08497619628906,485.5625,0.0,12.663539339912123,14.761983,0.0,8986,4.34682348230415,50.734113290229125,53.2925769998692,55.31881899992004,0
next,matrix,hello,500,1,1,6.18460601,12,1.9403014485638996,1.9403014485638996,4873,0.00901707549939335,514.7751189166667,514.774852,517.142826,517.142826,514.3104280000002,516.731587,3.7127936435088555,19.191916666666668,3.111138031213893,14.368767,21.135359,0,0.0,0,0.0,0,0,0,317.78515625,318.03515625,318.03515625,39.007476806640625,46.389488220214844,46.389488220214844,276.453125,0.0,3.332710922147419,13.377535,0.0,12,1.1925738582996674,501.06197408333054,502.5570209999569,502.5570209999569,0
next,matrix,hello,500,16,1,8.327592981999999,256,30.741175817951383,30.741175817951383,4873,0.14286208129966457,517.9583281601562,514.9637279999997,547.019254,556.7391250000001,514.805546,546.651247,13.911970624539242,4.535671875,12.076886709326274,14.606335,17.973247,6,0.7188831566715538,39.125713005661964,152.83481642836705,0.46878026787559224,14.8977530002594,1,318.03515625,318.16015625,317.390625,42.95018768310547,78.51408386230469,59.92333221435547,276.515625,0.0,8.382611917755842,13.860863,0.0,256,1.7141664288537686,500.93657245703275,503.2264800000121,505.2176179999951,0
next,matrix,hello,500,16,2,8.263576502,256,30.979322323456604,30.979322323456604,4873,0.14396880882473376,515.0258998281248,512.9245370000008,533.268888,537.076959,512.8864550000003,533.199513,11.151214363468487,3.606421875,10.19724746290431,15.130623,26.443775,8,0.966263684440385,67.12694598734379,262.2146327630617,0.810779126937019,19.907976001501083,1,559.0390625,559.0390625,559.0390625,73.58883666992188,84.67938232421875,50.30511474609375,515.390625,0.0,6.662303247175794,15.007743,0.0,256,1.2626461257176569,501.15103601171904,503.2480699997395,504.45773199992254,0
next,matrix,hello,500,64,1,8.359536848,1024,122.49482460801518,122.49482460801518,4873,0.5692646792553501,518.2367907158201,511.10381700000016,555.92527,580.3710100000001,511.03018299999985,555.913858,29.48474762281205,2.420474609375,23.322123031595993,18.366463,33.095679,28,3.3308491016125346,190.7235600054264,186.25347656779923,2.2688264232157818,19.823909997940063,4,317.390625,330.40625,330.40625,59.00194549560547,96.01103210449219,91.08206939697266,284.1171875,0.0,9.79689063310567,13.819903,0.0,1024,2.3236294710818957,500.94617608593546,503.04589200002374,504.5631099999882,0
next,matrix,hello,500,64,2,8.331554321,1024,122.90623820563336,122.90623820563336,4873,0.5711766231308474,518.2357153857421,513.937993,542.935856,587.323379,513.8942430000002,542.911106,21.079250294991795,1.7182197265625,17.029390727215418,15.212543,18.513919,28,3.3545520479316644,134.40148097276688,131.25144626246765,1.6102027258651563,10.909506991505623,5,559.0390625,559.0390625,559.0390625,58.717445373535156,89.50572204589844,57.0482177734375,515.44140625,0.0,7.7272686633299275,15.065087,0.0,1024,1.465763352193402,500.9634709101547,502.9039459996857,505.753645000048,0
next,matrix,large,200,1,1,6.283675958,27,4.296847924760541,4.296847924760541,1558038,6.384518000600875,232.3407193703703,230.67459700000018,237.16192300000012,284.47327199999927,226.31723500000044,233.3555060000001,24.553913920954766,57.88103703703704,17.34104571375946,20.086783,34.013183,26,4.085018325869049,98.80147996544838,3659.3140727943846,1.5523302164686166,7.929755002260208,13,447.8515625,448.23046875,447.69140625,37.83906555175781,43.34368896484375,36.748252868652344,405.3046875,0.0,6.00237474735583,15.556607,0.0,27,1.4124562210848992,201.48116777778637,203.0028080000775,210.34812699991744,0
next,matrix,large,200,16,1,8.156336291999999,442,54.19099754794662,54.19099754794662,1558038,80.52028030167357,292.0029090565607,271.650623,456.0300320000001,521.5285970000002,267.6704149999996,447.3442580000001,108.47196971045568,20.07248190045249,79.68416245219785,62.750719,120.979455,111,13.57116594290644,622.3825630694628,1408.1053463110018,7.609420759808209,74.54299899935722,37,448.23046875,455.4296875,451.67578125,40.73670959472656,82.95063018798828,73.22956848144531,412.25,0.0,35.65549000321636,30.064639,0.0,442,4.707154511333785,202.43402981900556,203.98539499996696,258.6987979999976,0
next,matrix,large,200,16,2,8.133469182,492,60.49079291882414,60.49079291882414,1558038,89.88089944616215,262.76155008333353,268.10651599999983,297.00631799999974,326.288474,266.48535900000024,295.0779290000005,58.78101633376489,9.72900406504065,41.17572848431883,29.327359,46.104575,120,14.736177676864681,303.1461340934038,616.1506790516338,3.7226794117125372,8.896615996956825,44,561.4375,568.05859375,563.51171875,39.08849334716797,101.27005004882812,52.44493103027344,523.92578125,0.0,12.851633007421432,15.015935,0.0,492,0.6801325162948242,201.45089387194145,203.63637600000948,204.4518710002303,0
next,matrix,large,200,64,1,8.544967073,747,87.41988045341178,87.41988045341178,1558038,129.89377565562512,708.9261300602406,635.38204,1163.388132,1222.5417509999997,589.5089539999999,1160.5302259999999,128.82832572322735,14.793143239625167,93.54786579760875,231.735295,347.340799,163,19.002813356025015,793.75998018682,1062.5970283625434,9.253786965013653,72.20329500734806,44,465.3828125,508.859375,455.265625,37.71417999267578,98.25788879394531,38.13279724121094,465.7734375,0.0,45.599149650509425,27.033599,0.0,747,4.03084038400027,203.46734706827326,217.18007500004023,260.71570599998813,0
next,matrix,large,200,64,2,8.349336363,1213,145.2810076469547,145.2810076469547,1558038,215.86735781883812,431.45792211376755,435.7376629999999,536.7110849999999,570.092143,432.1226999999999,518.3939359999999,114.04532975054954,7.861605111294312,82.15346953140501,80.674815,100.728831,246,29.4198589413031,678.1471910476685,559.0661096848049,8.110160447993223,13.115707010030746,69,562.59765625,576.40234375,564.51171875,61.554954528808594,136.07383728027344,69.94749450683594,532.1953125,0.0,25.976260983573535,15.728639,0.0,1213,0.9134301627377646,201.4956879942261,203.55146400025114,205.64216300006956,0
next,matrix,large,50,1,1,6.053456371999999,96,15.858708496528338,15.858708496528338,1558034,23.563773187332185,62.995933666666666,62.65836300000046,67.55871300000001,73.22920299999998,61.10891899999979,65.04501299999993,45.91247261712394,29.00871875,29.428812728098364,13.737983,16.383999,86,14.178469494166656,182.41335606575012,1900.1391256848972,3.0073746561706955,6.055518001317978,43,435.4296875,436.7890625,435.39453125,44.251991271972656,59.94171905517578,41.88964080810547,393.8046875,0.0,5.125165745460698,13.656063,0.0,96,0.696310680275655,51.12017159374833,53.81338000000687,54.04057200002717,0
next,matrix,large,50,16,1,8.065113698,1349,167.26360600899244,167.26360600899244,1558034,248.52980148755506,95.16655674573752,91.03718200000003,128.2390319999995,153.1226059999999,89.9954859999998,123.07095799999934,131.86439014281493,7.903220163083765,95.58080947783617,26.361855,44.138495,291,35.99187645834762,673.6161339879036,499.34479910148525,8.331515008536893,16.275239005684853,83,434.7890625,443.6796875,440.765625,33.59977722167969,94.60358428955078,72.22187042236328,400.69140625,0.0,27.513498632190483,13.770751,0.0,1349,1.396441587776145,51.15212369532948,52.88807099999394,53.861243000021204,0
next,matrix,large,50,16,2,8.078544289,1216,150.52216791777002,150.52216791777002,1558034,223.65441834411135,105.69291436101977,104.40504200000032,132.401025,138.784626,102.74427899999955,129.63089300000001,131.29471754594792,8.735894736842106,91.37394494917594,28.966911,33.390591,315,38.932907659954836,686.5745780915022,564.6172517199853,8.485823698574256,9.365163996815681,109,502.390625,506.95703125,501.73046875,69.2139892578125,95.7627182006836,53.79450225830078,463.33203125,0.0,24.206290831276103,14.884863,0.0,1216,1.0690473039907515,51.41298862087531,53.310853000264615,54.40814399998635,0
next,matrix,large,50,64,1,8.267680866000001,1468,177.55886128079774,177.55886128079774,1558034,263.8270787017502,355.5632662908715,356.47907499999974,408.09259099999963,419.394914,354.45899999999983,394.045666,136.63571468748637,7.707442098092643,99.44112908328151,90.636287,102.105087,288,34.77926455595446,918.0213918983936,625.3551715929112,11.086148908631872,22.527290999889374,79,450.875,514.33203125,447.16015625,35.5877685546875,112.66816711425781,41.13390350341797,471.23828125,0.0,31.594110843757022,15.843327,0.0,1468,1.3345274749757852,51.0044240115801,52.636842000007164,55.72914700000547,0
next,matrix,large,50,64,2,8.210682644,1431,174.28514315380474,174.28514315380474,1558034,258.96280167436123,361.716309948987,359.88785000000007,405.9250569999999,416.79829500000005,355.60129600000073,384.4470819999997,135.0288760073093,7.759139063591894,99.30327645160662,94.109695,108.068863,293,35.632074158433966,800.3425890207291,559.2890209788462,9.733060233494763,13.073660001158714,76,447.62890625,512.29296875,504.53125,43.14295196533203,102.95972442626953,93.55455780029297,468.69921875,0.0,29.93478283010328,16.031743,0.0,1431,0.9891708045400428,51.457044903563165,53.35231100022793,54.92752300016582,0
next,matrix,large,500,1,1,6.488203174,12,1.8495105159603007,1.8495105159603007,1558038,2.7481152203233288,539.5860786666666,536.9697539999997,552.4691050000001,552.4691050000001,531.7294059999995,548.7630370000002,9.528086987223341,51.607416666666666,7.851756852575195,16.621567,23.232511,5,0.7692762980791957,41.16489599645138,3430.4079997042813,0.6333435760593045,17.57353800535202,2,447.890625,450.3671875,444.6796875,55.096893310546875,70.58140563964844,36.52782440185547,401.671875,0.0,5.12006571990612,13.680639,0.0,12,1.3086576032276112,500.73434191668156,502.6767150000087,502.6767150000087,0
next,matrix,large,500,16,1,8.381409506,229,27.322373383148232,27.322373383148232,1558038,40.59724424470282,579.6722463275105,585.0986879999996,631.250704,637.578529,581.0856559999997,618.883065,39.217160962566865,14.376126637554584,27.77266965927776,31.768575,73.269247,62,7.385679678430811,182.40536595880985,796.5299823528815,2.1728832332237373,11.403131008148193,22,444.36328125,449.61328125,447.3359375,34.615020751953125,62.997962951660156,58.8487548828125,400.9609375,0.0,11.903377043205962,14.426111,0.0,229,1.5159414767945347,501.78723572925804,505.85545600001933,509.3212920000078,0
next,matrix,large,500,16,2,8.379314,226,26.971181650431046,26.971181650431046,1558038,40.07542220714024,585.2309553495571,585.2367599999998,629.5051159999999,640.740996,582.5030609999999,609.200516,32.23495111952316,11.961734513274335,24.06374126835001,30.277631,44.138495,54,6.438996329202601,125.28501299023628,554.3584645585677,1.4939069236078362,5.7948980033397675,14,517.8046875,524.24609375,520.171875,36.163055419921875,63.56108856201172,42.27491760253906,480.65625,0.0,9.73092313598588,15.073279,0.0,226,0.9191140393471733,501.51449890263933,503.4625689997338,505.04452200001106,0
next,matrix,large,500,64,1,8.513053848000002,767,90.09692804658972,90.09692804658972,1558038,133.87149579987772,694.9716191838328,695.6050560000003,886.175409,912.182908,692.8644549999999,788.515101,76.3601057021168,8.49226075619296,55.04833753127111,67.436543,93.323263,163,19.108889126513592,435.41188706457615,567.6817302015335,5.104440168271807,11.201558008790016,40,424.44921875,554.109375,437.015625,34.57036590576172,127.43290710449219,43.318817138671875,505.296875,0.0,21.121650034183876,15.958015,0.0,767,0.904831458486734,501.07578343024625,502.72236999997403,503.97967800003244,0
next,matrix,large,500,64,2,8.667113062,694,80.07279875495871,80.07279875495871,1558038,118.97703478486858,760.3965815360237,769.2956610000001,876.532062,890.7761820000001,765.8407550000002,825.393478,68.76207626343411,8.598590778097982,50.97892973043688,87.162879,102.498303,155,17.860513000140237,405.74947491288185,584.6534220646713,4.675415336439743,11.67662900686264,42,516.41796875,533.84375,518.86328125,38.097434997558594,86.6475830078125,43.1405029296875,490.25,0.0,17.21526205950637,15.065087,0.0,694,0.8834204236463454,501.2346799971169,503.23569500027224,504.71464799996465,0
next,matrix,medium,200,1,1,6.057182351,27,4.457518105847099,4.457518105847099,813488,3.4581541909116225,224.06016681481483,224.0008170000001,229.4890200000001,231.11607000000004,222.02556400000003,227.95032400000036,17.42843392973095,39.19474074074074,11.944271075724009,14.974975,16.408575,12,1.9762780641088598,54.25455801188946,2009.4280745144242,0.893517440640156,7.461080998182297,6,447.92578125,448.5625,447.6328125,50.05870819091797,59.28569030761719,41.23194885253906,405.1953125,0.0,5.078228882582215,12.984319,0.0,27,1.2623001669355505,201.27536133332694,203.39566699997522,203.6154460000107,0
next,matrix,medium,200,16,1,8.175501554,588,71.92219292189006,71.92219292189006,813488,55.79742515148401,220.09844144387753,210.76843800000006,268.5247,348.37852999999996,210.17338000000018,260.04337599999997,52.27051555722959,7.293312925170068,38.77179744415455,23.609343,59.834367,110,13.407484237483537,299.17628413438797,508.8032043101837,3.646546648873366,14.165478989481926,40,448.19140625,452.6484375,447.21875,50.009132385253906,74.02643585205078,32.975914001464844,409.265625,0.0,12.254577186280619,13.983743,0.0,588,1.4514724664885035,201.09115470918294,203.14935500000138,206.59302999998908,0
next,matrix,medium,200,16,2,8.210097468,603,73.44614389174751,73.44614389174751,813488,56.97971029492369,214.81028285406316,210.2089820000001,239.88230200000004,282.645705,209.50098400000024,238.00622499999997,49.25525121146107,6.719127694859038,34.20432215662487,15.589375,22.609919,115,13.980418491201386,232.08911289274693,384.8907344821674,2.8214808047759,7.531017005443573,41,529.4921875,532.328125,531.67578125,39.01123809814453,71.22637176513672,48.50193786621094,488.78515625,0.0,9.956608444130133,15.097855,0.0,603,0.82812209355953,201.1010279519017,203.33737999992445,204.95033300016075,0
next,matrix,medium,200,64,1,8.216418095,1726,210.06720690739144,210.06720690739144,813488,162.97068787830358,299.46469505561987,289.3365060000001,436.2375109999999,448.344465,287.6340599999994,411.7901609999999,110.18645964504609,5.255881228273465,81.08351927828842,54.362111,91.422719,207,25.142718945564084,624.9284629225731,362.0674756214213,7.5905317412297695,12.681434988975525,47,451.37109375,458.7578125,450.57421875,63.93305206298828,117.92884063720703,53.20122528076172,415.84765625,0.0,27.755286145554756,14.442495,0.0,1726,2.018548013859697,201.03976060139075,202.7636600000551,204.8938330000965,0
next,matrix,medium,200,64,2,8.195737931,1802,219.87037838094093,219.87037838094093,813488,170.57601391635407,287.27089207713664,288.90464299999985,379.591222,402.12427399999996,287.64447999999993,365.565601,109.68063110269023,4.997022752497226,76.22064096176257,40.009727,74.973183,250,30.451159625762234,663.2944989353418,368.087957233819,8.07923466638803,14.187036991119385,72,531.37109375,538.14453125,532.14453125,45.91266632080078,103.91709899902344,50.50310516357422,494.4609375,0.0,22.8805151306309,14.925823,0.0,1802,1.2379377223572312,201.21229821254036,203.40675400011241,204.92166600003839,0
next,matrix,medium,50,1,1,6.147432519,71,11.549537108469073,11.549537108469073,813484,8.960117001672605,86.26566223943658,70.75605199999995,173.0729849999998,293.47826500000065,68.35495600000013,162.68576099999973,53.49571354797022,48.789605633802815,38.79336065625757,43.122687,109.248511,24,3.7063341393753495,201.53284503519535,2838.4907751435967,3.112283598997444,30.704000994563103,11,456.03125,457.56640625,454.99609375,55.03423309326172,57.59063720703125,34.11321258544922,414.28515625,0.0,15.833814347453583,27.033599,0.0,71,4.380144094336122,51.91177854929644,55.381719000055455,82.50661599996965,0
next,matrix,medium,50,16,1,8.074730167,443,54.862514392179065,54.862514392179065,813484,42.5622726991724,288.77555856433406,288.01505,541.6615100000004,711.272632,279.8427810000003,522.4738820000002,125.93017384548708,23.242241534988715,97.87510466046292,100.401151,260.308991,67,8.194507730726167,603.058531910181,1361.3059411065033,7.3757728385348535,27.750058993697166,21,456.4453125,462.328125,460.74609375,52.888336181640625,90.23204803466797,70.95336151123047,415.8359375,0.0,48.83620161090571,23.379967,0.0,443,5.628996646136796,51.336702972911475,53.15334700001404,54.725248999893665,0
next,matrix,medium,50,16,2,8.057643714,1961,243.37139610588648,243.37139610588648,813484,188.8072364709863,65.4965770744518,64.62520599999971,77.85074600000007,89.18741799999952,64.12370699999997,77.19062400000007,124.33363019347686,5.116244773074961,84.88390271054692,15.884287,19.349503,338,41.886725114109126,588.0616558641195,299.87845786033637,7.2875671388545005,7.007268995046616,115,559.8046875,563.9765625,563.3828125,48.431434631347656,85.40656280517578,70.07595825195312,520.47265625,0.0,21.962779597958534,14.852095,0.0,1961,1.5176254639181392,51.13069505354794,53.32549299998209,56.71723200008273,0
next,matrix,medium,50,64,1,8.340164856000001,1065,127.6953175852187,127.6953175852187,813484,99.06587384271054,489.2913374441311,413.58377800000017,677.461311,2650.539524,407.50635200000033,670.6133070000005,130.36283116031126,10.260550234741785,99.12879142519562,139.722751,148.111359,138,16.463137724562593,711.0916200578213,667.6916620261233,8.483187881010322,38.76025201380253,33,455.6171875,465.07421875,455.03515625,42.91227722167969,85.98883819580078,36.90972137451172,418.48046875,0.0,42.882477833439786,19.513343,0.0,1065,3.942717098347546,51.25190574835326,53.35661399993114,56.1898720000172,0
next,matrix,medium,50,64,2,8.145539677,2417,296.7268094985427,296.7268094985427,813484,230.20030202685595,213.50820829954523,208.72702800000002,254.70271200000002,345.6371240000001,207.13020000000006,253.2000499999997,142.7095524299511,4.816895324782789,99.10545852985275,69.533695,93.978623,279,34.19899849821494,838.6550620794296,346.98182129889517,10.279986813109238,25.2809170037508,73,544.70703125,562.9375,562.9375,46.00548553466797,124.99929809570312,91.4478988647461,515.203125,0.0,30.995213952673673,14.893055,0.0,2417,1.5320841543556218,51.22530728257633,53.29574300022796,55.23561200033873,0
next,matrix,medium,500,1,1,6.3020344889999995,12,1.9041469895072167,1.9041469895072167,813488,1.4772422086718051,524.6712081666666,522.769389,532.9713199999999,532.9713199999999,519.4806630000003,530.905642,7.574562602305221,39.868500000000004,5.273588040206405,13.557759,20.447231,5,0.7916193864731578,20.652821004390717,1721.0684170325596,0.3269834698487145,10.651308000087738,2,345.84375,346.484375,346.2265625,67.62711334228516,77.13653564453125,42.982177734375,300.3046875,0.0,4.142687981509313,12.886015,0.0,12,1.1670859458921037,501.27698691667075,502.8260720000253,502.8260720000253,0
next,matrix,medium,500,16,1,8.511443272000001,241,28.314821857864573,28.314821857864573,813488,21.9667127642732,543.5836355892118,534.2559510000001,601.729569,609.400819,532.0546060000006,589.29296,31.151605646536915,11.043278008298755,23.765248477957197,21.266431,35.880959,49,5.7353703711174395,150.3023160547018,623.6610624676423,1.7592641841029915,10.317930996418,18,345.54296875,348.3671875,345.52734375,33.257652282714844,59.69488525390625,32.404930114746094,302.078125,0.0,11.110295673763943,13.770751,0.0,241,1.334032862528169,501.252879419086,503.0786570000346,503.7424100000062,0
next,matrix,medium,500,16,2,8.541535888,241,28.215066137997592,28.215066137997592,813488,21.889322016208062,562.326688614108,565.1292089999997,582.169982,591.071764,564.069227,578.3404099999998,28.248281678126055,10.020991701244814,20.970599458226484,24.084479,35.913727,44,5.146559126868315,92.59632202982903,384.2171038582117,1.083073741493305,5.6801330000162125,14,560.6328125,563.48828125,563.48828125,36.81355285644531,59.173614501953125,49.615684509277344,518.94140625,0.0,8.07301150989009,15.065087,0.0,241,1.076667522181297,501.5100257925291,503.37512100022286,505.15122799994424,0
next,matrix,medium,500,64,1,8.534433108000002,853,99.9480562101325,99.9480562101325,813488,77.53996310259654,628.2912213399759,635.5708670000004,726.642415,742.216084,633.4102859999994,700.980359,57.98727393251629,5.810898007033997,42.736827543579146,40.501247,50.528255,106,12.400702074217838,309.5432848930359,362.88779002700574,3.6212774104087493,11.263977989554405,25,412.03125,447.12109375,447.12109375,39.32691955566406,105.19032287597656,44.89244842529297,397.40625,0.0,17.346573428032865,13.672447,0.0,853,1.4907025066861994,501.13654040562756,503.02483500004746,504.7625640000333,0
next,matrix,medium,500,64,2,8.518824272,868,101.89199498491546,101.89199498491546,813488,79.04807588223352,609.397544821429,610.1156730000002,720.833164,739.416349,606.9505209999998,700.4200000000001,58.07735470671131,5.7055115207373275,41.68426344909489,42.827775,75.563007,117,13.720766605911864,362.0106370896101,417.06294595577197,4.2453533849264975,10.504607006907463,32,560.625,571.87109375,563.953125,42.31385040283203,94.37957763671875,45.26402282714844,527.46875,0.0,14.397968715702422,15.065087,0.0,868,1.0201126592405092,501.45787317856764,503.33762399991974,504.5657199998386,0
next,sustained,large,50,64,1,30.207326052,5170,171.15053451272624,171.15053451272624,1558034,254.3052214517602,372.80837664371353,372.62469500000225,406.7900300000001,434.76184400000056,371.0719089999984,402.40082299999995,138.35892154514167,8.088600386847196,99.8588308284685,103.743487,146.931711,1062,35.13724946256251,3044.2664138376713,588.8329620575767,10.072236197129454,38.23489299416542,319,406.31640625,528.69140625,516.47265625,32.95978546142578,102.36566925048828,35.27313232421875,481.7421875,0.0,25.14687773557089,16.891903,0.0,5170,0.877782027796802,51.44467089709797,53.56609799992293,55.36062000039965,0
next,sustained,large,50,64,2,30.286320969000002,5460,180.27940751168362,180.27940751168362,1558034,267.86942138963553,353.6881335195968,350.92569699999876,402.1441769999983,416.001268,349.2566020000013,398.67390399999977,133.4859216994967,7.408887912087912,99.82142729908271,97.517567,106.561535,1042,34.38408853233489,2972.047783136368,544.3310958125215,9.807212485382967,13.377015992999077,278,425.8828125,529.3671875,514.69921875,33.010986328125,106.61451721191406,36.217491149902344,483.99609375,0.0,24.964656004775776,15.851519,0.0,5460,0.8884367269792163,51.44218824560372,53.47223199997097,56.51621999964118,0
nuxt,matrix,hello,200,1,1,6.025688774,29,4.812727820449494,4.812727820449494,1413,0.006485351953787932,207.4607519655173,206.85509700000011,211.43018400000005,214.57797800000003,206.65643100000005,211.31464200000005,4.121810496861775,8.607620689655173,3.4662475031682094,14.311423,29.605887,0,0.0,0,0.0,0,0,0,317.6484375,317.6484375,317.6484375,82.8845443725586,90.07089233398438,90.07089233398438,270.80859375,0.0,4.069494447055314,13.099007,0.0,29,1.9791675213604147,201.1650926551605,203.55592899990734,203.61447100003716,0
nuxt,matrix,hello,200,16,1,8.17911956,620,75.8027799265964,75.8027799265964,1413,0.1021474151957328,209.198132585484,207.65643199999977,220.31606499999998,228.20136300000013,207.56468200000018,220.23085700000001,22.508536975149585,2.9784532258064518,20.682046849632854,14.901247,27.967487,10,1.2188907846814614,100.85469500720501,162.66886291484678,1.229308583361416,18.931512996554375,2,266.60546875,266.60546875,266.60546875,27.34600830078125,47.796600341796875,30.906967163085938,219.79296875,0.0,16.173436423917558,13.705215,0.0,620,3.6235068231934235,201.19217777096594,203.06959500000812,205.51272200001404,0
nuxt,matrix,hello,200,16,2,8.13844885,618,75.93584617786226,75.93584617786226,1413,0.10232672753269136,209.18169940291273,207.81705299999976,219.1621950000008,224.98076200000014,207.71538800000053,218.93332299999997,19.31641882722874,2.5478495145631066,16.207565528666613,15.187967,26.443775,8,0.9814187522685859,93.54111801087856,151.3610323800624,1.1475375915505621,15.964687004685402,1,329.80859375,329.93359375,329.93359375,20.22174072265625,54.51367950439453,33.21019744873047,286.0546875,0.0,13.079686012603247,14.958591,0.0,618,2.5675311157228813,201.299393707114,203.53675099974498,205.7244219998829,0
nuxt,matrix,hello,200,64,1,8.20526287,2225,271.16742452396284,271.16742452396284,1413,0.3654094418071361,232.87611339460662,216.70777100000032,334.37418400000024,506.81292499999927,216.6705219999999,334.34330899999986,38.992533003593216,1.4478759550561797,34.36321777213009,29.409279,247.070719,31,3.752163644012554,256.222634062171,115.15624002794202,3.10125565258455,22.98564100265503,5,266.60546875,266.859375,266.734375,28.158973693847656,56.77354431152344,29.96619415283203,219.88671875,0.0,28.88927387340886,18.530303,0.0,2225,7.354775869347902,203.87509613303249,206.5511810000753,377.63787999993656,0
nuxt,matrix,hello,200,64,2,8.200523795999999,2340,285.34762634813535,285.34762634813535,1413,0.3845178566264298,221.02950336068358,219.77876700000002,244.03002199999992,247.081137,219.75264200000015,243.90069000000005,35.03269055947872,1.2306794871794873,29.598834250535333,20.529151,27.803647,32,3.8928050236417207,204.25769394636154,87.2896127975904,2.4847980534745915,15.136284992098808,5,329.18359375,329.80859375,329.80859375,16.720687866210938,59.592987060546875,43.19847106933594,285.9921875,0.0,16.783406432547856,15.032319,0.0,2340,3.5713770589350373,201.64012148418627,203.77799700014293,206.36495300009847,0
nuxt,matrix,hello,50,1,1,6.020933945,106,17.605242138227776,17.605242138227776,1411,0.023690220505751983,56.60045933962266,56.462007999999514,59.850950999999895,62.263800000000174,56.3970989999998,59.6568900000002,9.872744244204796,5.626367924528302,8.869604945309707,14.237695,17.481727,1,0.16554035906077003,17.05528900027275,160.89895283276178,0.2823338664990353,17.05528900027275,0,201.8984375,202.0234375,202.0234375,28.032981872558594,48.50849914550781,36.96039581298828,158.30078125,0.0,5.573418465446662,13.418495,0.0,106,2.3550145945829013,50.862260188675656,52.10813400009647,53.09147899993695,0
nuxt,matrix,hello,50,16,1,8.054197237,2207,274.0186184988506,274.0186184988506,1411,0.3687288958567412,57.95400837109185,55.752880999999434,70.56026199999997,83.25513599999977,55.70338600000014,70.46823100000006,38.26143755791918,1.3993914816492976,33.477266104669276,20.217855,60.194815,34,4.212099689162751,226.4938709437847,102.62522471399397,2.805925774704658,14.72697301208973,7,202.15234375,202.92578125,202.92578125,31.18286895751953,50.82891845703125,50.82891845703125,158.98828125,0.0,22.127806002858755,14.909439,0.0,2207,5.248641290287866,51.20660976936953,53.23879500001203,92.1404470000416,0
nuxt,matrix,hello,50,16,2,8.050457642,2271,282.09576411556753,282.09576411556753,1411,0.3795977813406618,56.367789759137,55.683262999999954,62.28341799999998,71.27412300000015,55.640264,62.24804300000005,39.776355653067085,1.4136688683399383,34.13898337840856,17.596415,24.444927,31,3.840801438696228,263.1774740368128,115.88616205936273,3.260685228751709,19.73199801146984,5,330.9609375,331.0859375,331.0859375,31.928321838378906,51.49140167236328,46.354270935058594,283.69921875,0.0,22.067548936107542,15.073279,0.0,2271,4.820024049030993,50.898246606775174,53.19776900019497,55.98521500034258,0
nuxt,matrix,hello,50,64,1,8.059305774,7096,880.4728594480549,880.4728594480549,1411,1.1847946211635643,72.31342267545085,60.408304000000044,134.48057900000003,200.06528699999944,60.39784700000018,134.46583099999953,77.44489764578965,0.8828125704622323,62.691136515241354,58.261503,139.984895,96,11.868119971808815,452.2058810442686,63.726871624051384,5.5904517168655055,14.609737008810043,19,213.11328125,219.16796875,219.16796875,31.670684814453125,60.45787048339844,50.24095153808594,175.50390625,0.0,30.916955498462613,22.577151,0.0,7096,10.021029962761846,51.53731975887787,54.737623000051826,84.35380099993199,0
nuxt,matrix,hello,50,64,2,8.054105866,9194,1141.5295692613136,1141.5295692613136,1411,1.5360815260197769,55.88467510767899,54.974191000000246,63.26384299999995,69.09620099999938,54.970398999999816,63.25405000000001,51.83878490188696,0.4551081139873831,40.47996638807914,16.482303,21.889023,127,15.73401124436614,518.9196041673422,56.44111422311749,6.42888731251259,9.68537700176239,21,330.1953125,330.9609375,330.9609375,40.61163330078125,55.90745544433594,46.804298400878906,283.52734375,0.0,13.644717976305893,14.958591,0.0,9194,4.324285111356744,50.9711015823377,53.48971600038931,57.09498800011352,0
nuxt,matrix,hello,500,1,1,6.141477293000001,12,1.95392727637005,1.95392727637005,1413,0.002632998696814423,511.23592133333335,509.13075000000026,529.9648969999998,529.9648969999998,508.860823,529.6239780000001,2.8614514974850964,14.679499999999999,2.2499518373090126,14.262271,17.973247,0,0.0,0,0.0,0,0,0,235.73828125,235.86328125,235.86328125,76.35841369628906,80.10260009765625,80.10260009765625,193.73046875,0.0,3.3122490679664915,15.359999,0.0,12,1.2822903677062836,501.20789049998467,502.1248059999198,502.1248059999198,0
nuxt,matrix,hello,500,16,1,8.430458640000001,256,30.366082194550682,30.366082194550682,1413,0.04091956533517849,523.7497139492186,521.6404779999998,555.239448,587.6505550000002,521.57107,554.987602,13.78510193174893,4.55026171875,11.703460140216135,21.168127,48.431103,5,0.5917028266638564,61.36648701131344,239.71283988794312,0.7262144765404999,24.19463500380516,1,235.86328125,235.86328125,199.19140625,88.46449279785156,90.80940246582031,40.613372802734375,193.73046875,0.0,11.187636936104807,15.155199,0.0,256,2.713818849338851,501.9864348476599,504.49115900008474,516.8641940000234,0
nuxt,matrix,hello,500,16,2,8.211593564,256,31.175434829399702,31.175434829399702,1413,0.04201020184892824,510.19935400390654,508.9537110000001,522.190372,525.5791730000001,508.87883599999986,522.131205,6.589954311988611,2.1175390625,5.970142304751603,15.114239,23.707647,3,0.3646970601923266,35.01451200246811,136.77543750964105,0.42565631971230183,16.844379007816315,0,352.7734375,352.7734375,352.7734375,42.302207946777344,51.01063537597656,46.36498260498047,306.76171875,0.0,7.565554164582639,15.024127,0.0,256,1.3149397746295102,500.8233896835827,502.86656899983063,503.71265499992296,0
nuxt,matrix,hello,500,64,1,8.413952038,1024,121.70261909924142,121.70261909924142,1413,0.16399936751101316,521.5671795878911,518.6419479999995,546.7063880000001,556.825016,518.6050770000002,546.691473,21.172449920387315,1.75146875,17.607913647044395,22.495231,38.797311,14,1.6527105536727125,106.52671100199223,104.02999121288303,1.2575558537216829,20.42823500931263,3,199.19140625,201.8984375,201.8984375,42.473060607910156,54.876953125,44.46942138671875,158.03515625,0.0,14.64422591905849,16.015359,0.0,1024,3.4404843571151025,501.8294917939421,505.5167069999734,518.7661419999786,0
nuxt,matrix,hello,500,64,2,8.40121741,1024,121.8870968368381,121.8870968368381,1413,0.16424795897526953,519.2929254042971,518.1360690000001,539.3067509999998,541.952676,518.0155689999997,539.271043,17.2374267959157,1.416943359375,14.246792805284727,19.906559,25.968639,15,1.7820145555583269,89.46223898231983,87.36546775617171,1.06282008026221,16.434753000736237,3,352.7734375,352.7734375,352.7734375,24.43700408935547,53.570640563964844,34.99042510986328,306.76171875,0.0,11.513288490546483,15.015935,0.0,1024,2.06683825704178,501.3386846289095,503.5935720000416,505.91116099990904,0
nuxt,matrix,large,200,1,1,6.208000472000001,28,4.510308935427542,4.510308935427542,1554578,6.686808628291203,221.317942,217.20733199999995,241.64285699999982,270.67761500000006,212.09841100000006,237.04108200000064,8.286965968012122,18.47114285714286,7.389876957842792,19.234815,57.671679,1,0.1602299720028949,32.01868100464344,1143.5243215944085,0.5130352360943641,32.01868100464344,0,281.71484375,366.33984375,299.46484375,47.59956359863281,152.44168090820312,74.96788024902344,321.31640625,0.0,7.200209492514401,17.563647,0.0,28,1.6079577912627065,201.11052510714424,203.22059899999294,203.72161999996752,0
nuxt,matrix,large,200,16,1,8.239627815,465,56.43458787707391,56.43458787707391,1554578,83.66772532726841,275.8829735032258,275.18460200000027,300.84578599999986,319.165263,272.051477,297.8161570000002,32.709946369152064,5.810421505376344,28.258816404300607,69.795839,87.359487,37,4.47941154180744,216.59914799034595,465.8046193340773,2.6222614147394956,18.836082011461258,11,332.68359375,438.19921875,381.73046875,104.37789916992188,219.13411712646484,153.38666534423828,393.08203125,0.0,27.079992073978406,15.556607,0.0,465,1.8441916188763667,201.9412037956984,204.87128299998585,222.7668180000037,0
nuxt,matrix,large,200,16,2,8.058066606999999,480,59.56763866695103,59.56763866695103,1554578,88.31266458853854,267.85913668958324,267.86884999999984,277.1501670000007,280.59242600000016,265.802678,273.8735750000001,32.39143704145667,5.446747916666666,26.673090881546262,57.540607,64.684031,42,5.203565108006652,158.87889005243778,330.99768760924536,1.9684205920849767,8.674523994326591,14,353.0703125,428.6953125,424.3203125,17.68132781982422,112.27987670898438,104.78656768798828,381.04296875,0.0,22.195277343413444,15.466495,0.0,480,1.0599887674460562,202.1173792937363,204.75205399980769,205.18909700028598,0
nuxt,matrix,large,200,64,1,8.384245746000001,1430,170.5579778219444,170.5579778219444,1554578,252.86262516639968,372.32778397622366,368.2012239999999,450.57601999999997,472.5325679999996,363.8622459999997,448.43352200000004,64.99906994785512,3.8195454545454544,51.84647177628504,143.392767,250.609663,122,14.518416561188445,731.0612229853868,511.23162446530546,8.69987816969977,20.271596997976303,38,307.5703125,573.52734375,331.5390625,68.34741973876953,337.6450500488281,90.48455047607422,528.4140625,0.0,49.597399993927986,18.546687,0.0,1430,2.6414483380971707,202.43634302937124,205.78795399994124,209.7947250000434,0
nuxt,matrix,large,200,64,2,8.200836952000001,1482,180.71326239922053,180.71326239922053,1554578,267.91845515637914,349.095357311741,353.6464989999995,380.175155,388.8979279999994,347.57131599999957,375.8016009999999,59.81913685885214,3.315340755735493,45.52646507340528,146.669567,161.349631,125,15.218567647751513,585.5619159638882,395.1160026746884,7.129130904034735,11.216905012726784,40,430.2109375,773.1328125,375.2578125,101.04988861083984,508.2386474609375,41.39446258544922,725.40234375,0.0,39.68398818479979,16.318463,0.0,1482,1.3497920451510914,202.01218740553463,205.18347200006247,206.37735099997371,0
nuxt,matrix,large,50,1,1,6.063846183,90,14.842065132244796,14.842065132244796,1554576,22.0042402696844,67.1653488111111,65.87774600000012,78.94893200000024,90.99736800000005,61.83953199999996,75.04346299999997,21.454080173761596,14.500911111111112,19.1901113384435,24.395775,47.611903,11,1.8082762762138898,107.84699000418186,1198.299888935354,1.7728832135058052,19.27081499993801,3,278.3359375,322.8359375,255.9453125,72.58718872070312,127.70310974121094,44.96184539794922,277.84375,0.0,11.521272835485892,16.146431,0.0,90,2.1034091458265682,51.32503468888786,53.02550899994094,58.378294999944046,0
nuxt,matrix,large,50,16,1,8.068258154,1503,186.28556143247073,186.28556143247073,1554576,276.17937369293657,85.538559497006,80.8573150000002,120.86863500000072,171.65027499999997,79.61807300000055,118.35273499999994,70.80132934117722,3.8089574184963406,54.74321755400905,50.495487,133.169151,269,33.2681456181164,703.5383371114731,468.089379315684,8.700898084368756,17.669628992676735,89,279.58984375,312.35546875,238.26171875,71.53074645996094,106.23526000976562,17.85131072998047,267.359375,0.0,36.71504725422348,15.343615,0.0,1503,1.8241377532421896,50.97704563473008,52.83022500004154,56.83485700003803,0
nuxt,matrix,large,50,16,2,8.065859166000001,1636,202.83022134780475,202.83022134780475,1554576,300.70781152914515,78.70533819437655,78.70503800000006,87.85617399999956,93.89244700000017,77.30768700000044,86.26399300000003,51.610809194591084,2.5490006112469437,42.22507128784818,37.453823,47.349759,146,18.069256593948435,431.889991953969,263.9914376246754,5.3451582773798565,10.017038002610207,48,335.43359375,464.60546875,404.2578125,25.449020385742188,184.54486846923828,108.31982421875,420.6796875,0.0,32.221014227097754,15.048703,0.0,1636,1.100692985320368,51.11185722371414,53.3659270000644,54.16778799984604,0
nuxt,matrix,large,50,64,1,8.126638115999999,2184,268.7458170064282,268.7458170064282,1554576,398.43158456667436,235.31236896978027,186.821503,574.1841279999999,832.1874579999994,182.1284400000004,570.3820300000002,109.22860370217663,4.076837454212455,87.81513045443177,315.883519,516.685823,191,23.431156187934018,1258.7441510111094,576.3480544922662,15.441796231931788,92.41327100992203,59,410.8671875,502.0546875,309.0859375,198.42662048339844,279.91002655029297,81.37128448486328,457.03125,0.0,92.44673182736827,36.110335,0.0,2184,7.246596845947865,51.92477317857084,53.39586899999995,215.36798900004942,0
nuxt,matrix,large,50,64,2,8.142668112,2986,366.71026731391356,366.71026731391356,1554576,543.6696820447869,173.6152895800401,173.1827659999999,217.21643600000016,237.19101300000057,170.77268300000014,209.79576999999972,102.53167567023112,2.8025643000669795,78.84507413284723,130.547711,138.149887,290,35.53126453821418,1183.3160360604525,396.2880227931857,14.498177623991356,14.014220997691154,83,374.69921875,608.74609375,369.65234375,166.80081176757812,311.07984161376953,58.55340576171875,566.84375,0.0,71.36787142281858,16.613375,0.0,2986,1.6624361783719759,51.39017243837774,53.320886000059545,54.43845000024885,0
nuxt,matrix,large,500,1,1,6.293354649,12,1.906773202731674,1.906773202731674,1554578,2.826907798725319,523.9049645833333,522.5789799999998,539.2517720000005,539.2517720000005,517.4009779999997,536.1437290000003,4.5750810506293496,24.11691666666667,3.8817656281600845,20.463615,36.175871,1,0.15808685641231604,24.277740001678467,2023.145000139872,0.3837991597660885,24.277740001678467,0,276.609375,321.109375,271.96875,65.0479965209961,120.7092056274414,61.80602264404297,272.9453125,0.0,5.123986367390659,14.639103,0.0,12,1.2313961376780385,501.2000026666792,503.5152820000658,503.5152820000658,0
nuxt,matrix,large,500,16,1,8.564878294,209,24.40198130385716,24.40198130385716,1554578,36.177428523433356,616.5652879569378,600.0408460000001,715.9779699999999,725.198101,591.888089,708.9721239999999,24.3793451952589,10.014277511961723,20.2978569873622,83.099647,143.654911,37,4.309807300125463,202.2679320126772,967.7891483860153,2.3560427296473434,22.23836299777031,12,253.85546875,282.10546875,241.98046875,37.17218017578125,71.68745422363281,22.936500549316406,233.90625,0.0,21.524895938670568,21.217279,0.0,209,3.0076695828278006,503.84668143061947,514.837121999939,517.1263630000176,0
nuxt,matrix,large,500,16,2,8.533344601000001,240,28.12496286296407,28.12496286296407,1554578,41.696976201611484,567.2233012125,566.848164,582.0082389999998,587.569395,562.823774,575.8923020000002,14.945171536800416,5.32205,13.071805524718888,52.232191,70.123519,22,2.5741472882442635,88.36470499634743,368.1862708181143,1.0339262079220546,10.065161988139153,7,358.74609375,429.99609375,329.05859375,46.38020324707031,136.6717987060547,16.329864501953125,385.8828125,0.0,12.944095722392515,15.425535,0.0,240,1.0659222406208555,502.24651659999705,504.1098119998351,504.7530940002762,0
nuxt,matrix,large,500,64,1,8.284079333,707,85.34442652952802,85.34442652952802,1554578,126.52832785169662,743.8624433125883,732.644847,889.6642470000002,896.2331520000002,717.0530100000001,885.1353859999999,43.41440894385952,5.1044101838755305,35.54812012523079,195.166207,382.205951,73,8.781966430287548,402.912583976984,569.8905006746592,4.847075050446968,16.115981996059418,21,242.2734375,447.5703125,266.4765625,26.43120574951172,239.4372100830078,55.574440002441406,399.5625,0.0,38.18935742037294,19.759103,0.0,707,2.0326193986256063,502.45669236775115,505.5590749999974,506.91156299994327,0
nuxt,matrix,large,500,64,2,8.652869695000001,835,96.49977746486796,96.49977746486796,1554578,143.06681733301116,660.6788126994005,664.9353730000003,701.448253,719.1542020000002,658.9800989999999,696.0323859999999,34.510033082542705,3.581131736526946,27.94116393283939,132.841471,168.034303,73,8.424836142274689,356.03945095837116,426.3945520459535,4.109005526725646,17.092001006007195,22,328.5546875,643.57421875,329.05859375,16.75959014892578,355.7284393310547,16.692947387695312,599.5390625,0.0,25.416341476757374,15.540223,0.0,835,1.4226786931998836,503.23293709220354,506.73497599968687,507.96712200017646,0
nuxt,matrix,medium,200,1,1,6.056814172,28,4.622892366327002,4.622892366327002,810026,3.5711889380706747,215.96046071428574,214.0887900000007,225.83582100000004,244.49378499999966,211.49272700000006,223.251132,6.900171973045383,14.9975,5.8448465040763455,16.736255,26.099711,3,0.49295158524363936,36.6812449991703,1310.0444642560822,0.602735929035044,25.059375002980232,1,320.69921875,362.37109375,277.99609375,96.4118881225586,150.59618377685547,44.07713317871094,317.71875,0.0,6.572844854617962,14.680063,0.0,28,1.4187180251964802,201.0591179285714,202.0817270000698,202.9965239999583,0
nuxt,matrix,medium,200,16,1,8.229803249,514,62.455928100402154,62.455928100402154,810026,48.24726640267978,255.3749914046692,255.29451999999947,284.1519109999999,294.8205680000001,252.7229559999996,283.28582000000006,28.49779916626494,4.574114785992218,25.10959030644255,53.706751,88.735743,33,3.999954797601726,170.83476400375366,332.363354092906,2.0707010117393123,17.19735500216484,11,339.15625,339.15625,331.40625,127.29357147216797,128.37718200683594,112.09477996826172,294.390625,0.0,22.247365447998614,14.778367,0.0,514,1.708140665527683,201.8864333307371,203.6987880000379,211.30573400005233,0
nuxt,matrix,medium,200,16,2,8.158533962,530,64.96265168087561,64.96265168087561,810026,50.18371285481734,245.80707869056596,246.04729199999974,263.9634640000004,267.55101600000035,243.99482699999953,262.800878,25.897255516449206,3.9937169811320756,21.987743757439333,42.565631,45.219839,33,4.03751851749599,121.91199299693108,230.02262829609637,1.4915816037271232,9.93248599767685,11,388.79296875,425.87109375,423.22265625,74.96033477783203,116.82025909423828,111.64888763427734,378.55078125,0.0,18.964916139152017,15.138815,0.0,530,1.358020139404411,201.75511142263926,205.05272099981084,205.4114310001023,0
nuxt,matrix,medium,200,64,1,8.158301019,1815,222.47279130458867,222.47279130458867,810026,171.8604519360454,286.04302063856767,279.93012,361.3967029999999,428.56648099999984,277.65521100000024,358.2307460000002,55.04260850996633,2.4790077134986226,45.73085840343497,88.080383,179.961855,83,10.15365942501922,516.5843869894743,284.6194969638977,6.319544493702954,20.971621990203857,24,458.95703125,458.95703125,259.46484375,238.74844360351562,241.21060943603516,19.91150665283203,414.21875,0.0,44.740192582112776,15.892479,0.0,1815,2.5686576349610073,201.45168702259093,203.56316800008062,219.39741099998355,0
nuxt,matrix,medium,200,64,2,8.262709536000001,1799,217.72518955941666,217.72518955941666,810026,168.19292487912756,292.595792116175,293.4462110000004,312.5547209999995,317.3350260000002,291.815748,310.6995490000004,44.78292549875677,2.059928293496387,34.57953445945054,86.573055,104.136703,78,9.42592104374192,349.8281560689211,194.45700726454757,4.22750330510702,12.036114990711212,23,362.65625,638.42578125,349.3359375,30.99951934814453,343.3898391723633,17.621742248535156,591.12109375,0.0,29.099343490673625,15.106047,0.0,1799,1.4867820394202895,202.35148299777214,204.57384500000626,207.20339399995282,0
nuxt,matrix,medium,50,1,1,6.0391714919999995,96,15.896220222785487,15.896220222785487,810024,12.279815568677513,62.6955219270833,61.8384589999996,69.5894629999998,87.0708510000004,59.67645700000003,66.33400299999994,15.49097449771314,9.815468749999999,13.839419919421857,19.070975,36.274175,4,0.6575918961975683,55.18541198968887,574.8480415592591,0.907236992818588,24.580140992999077,1,370.93359375,419.67578125,331.390625,141.27139282226562,204.0326385498047,116.59266662597656,374.86328125,0.0,9.288939016780233,14.786559,0.0,96,2.3173250943817125,51.29292784375745,52.63653599994723,56.49228799995035,0
nuxt,matrix,medium,50,16,1,8.065608609,1823,226.02138144489277,226.02138144489277,810024,174.60131023742468,70.14028669994511,69.39017100000001,78.7029279999997,103.599279,68.68479699999989,78.01488599999993,40.624827774208974,1.8035030170049369,33.62105257519278,29.229055,37.289983,108,13.34479007944729,313.9906340241432,172.23841690847132,3.8797584240414364,10.548590987920761,35,261.08984375,365.47265625,339.96484375,20.095252990722656,153.5284423828125,120.6017837524414,318.51953125,0.0,27.91817173215996,13.647871,0.0,1823,1.4948635109126767,51.299753492593155,53.18036899995059,54.92649499990512,0
nuxt,matrix,medium,50,16,2,8.028236317,1875,233.55067364293186,233.55067364293186,810024,180.41768156713698,68.36881545013331,68.3648519999997,75.79645500000015,84.855688,67.64997499999936,74.72699299999977,41.507574892173444,1.7804762666666667,32.65383403643897,22.511615,25.280511,114,14.174075783491555,281.06842915713787,149.9031622171402,3.4946361537019293,8.518981009721756,37,426.921875,468.671875,365.1484375,111.7730484008789,163.42900848388672,41.633506774902344,422.48828125,0.0,24.47873676140181,15.056895,0.0,1875,1.2512728722624136,51.03905015732497,53.21401900006458,54.53927299985662,0
nuxt,matrix,medium,50,64,1,8.109487847,4594,566.4969337982905,566.4969337982905,810024,437.6183627157463,111.98479340901177,112.53961700000036,134.58767399999988,149.54976799999986,111.57236699999976,133.7966319999996,88.30955995829189,1.5628541575968655,71.50670202452464,65.372159,74.907647,206,25.337601286796712,959.0126421749592,208.75329607639512,11.795669881760466,13.075842007994652,59,328.37890625,501.76953125,317.6484375,98.05780792236328,292.9242630004883,81.61128234863281,454.76953125,0.0,63.903904788753366,14.295039,0.0,4594,2.6053940134808515,51.300520719852834,53.00324399990495,54.430828000069596,0
nuxt,matrix,medium,50,64,2,8.075487319999999,5331,660.145919218656,660.145919218656,810024,509.96211821477186,96.5076238465578,95.39275799999996,124.3338789999998,134.44436399999995,94.67846400000053,122.63683199999991,97.86517157349004,1.4844224348152317,77.22879834020432,49.938431,59.146239,220,27.207250215541492,1042.261533036828,195.50957288254136,12.88957741789402,12.145241007208824,61,572.97265625,641.64453125,473.36328125,265.45719146728516,367.45811462402344,168.8655776977539,595.47265625,0.0,64.77083327447114,15.163391,0.0,5331,2.5421810604123225,51.24470788257466,53.25039399974048,56.38806900009513,0
nuxt,matrix,medium,500,1,1,6.256019705,12,1.918152526023733,1.918152526023733,810026,1.4817747288178449,520.7649090000001,519.1550560000001,535.1112210000001,535.1112210000001,515.7354490000002,525.2636459999999,4.377289008967549,22.920666666666666,3.9696616134704716,17.563647,46.661631,0,0.0,0,0.0,0,0,0,222.3359375,250.11328125,250.11328125,38.08605194091797,74.30982971191406,74.30982971191406,203.91015625,0.0,5.497446684554917,16.375807,0.0,12,1.7598327652853853,500.7873694999823,502.60304199997336,502.60304199997336,0
nuxt,matrix,medium,500,16,1,8.441021861,240,28.432576523568848,28.432576523568848,810026,21.964193564491634,561.55159945,559.1031470000003,604.846863,617.9918379999999,557.5220009999998,572.8167659999999,15.502966272944127,5.466008333333334,12.695157477495528,45.907967,67.239935,24,2.8362500251604925,93.79767395555973,390.8236414814989,1.1084735629852165,10.621658995747566,8,260.5546875,269.4765625,226.16796875,64.67471313476562,70.02286529541016,17.440940856933594,221.19921875,0.0,14.12557224983405,14.942207,0.0,240,1.783109444303307,501.64755403333595,503.2450840000529,505.1178839999484,0
nuxt,matrix,medium,500,16,2,8.241860937000002,240,29.1196371589544,29.1196371589544,810026,22.494948586768338,548.245682658333,549.2289860000001,559.117139,562.222689,546.523813,554.6703770000004,11.884338600187537,4.0889541666666664,10.049169365971068,34.734079,47.710207,15,1.8165309079931098,62.413001999258995,260.0541749969125,0.7558343146152648,9.124982997775078,4,447.69140625,447.69140625,365.7265625,136.56051635742188,138.70631408691406,41.280303955078125,399.87109375,0.0,11.558282736364808,15.007743,0.0,240,0.9820174503006243,501.91267177914466,505.05961699970067,505.4721599998884,0
nuxt,matrix,medium,500,64,1,8.419837874,837,99.40808986175497,99.40808986175497,810026,76.79284801326554,631.1148344348858,628.5852490000002,732.2121559999996,735.5926869999998,622.378205,728.9638679999998,31.03141485246943,3.1285710872162484,25.685112045500574,88.145919,203.161599,50,5.925160190174924,266.86730797588825,318.8378828863659,3.162463098555768,21.613430008292198,13,294.421875,448.359375,267.60546875,89.574462890625,250.10315704345703,53.86491394042969,400.30859375,0.0,23.529456250389416,16.769023,0.0,837,3.4487159567235772,504.59357685663224,516.646674000076,525.2808300000615,0
nuxt,matrix,medium,500,64,2,8.598779029,896,104.20084025629403,104.20084025629403,810026,80.49525244659884,611.4874545736604,611.649156,635.0628860000006,647.5596699999996,608.5154390000002,633.1870060000001,24.75947790856524,2.3785535714285717,19.592301111641394,93.257727,109.051903,39,4.530906943905569,188.22034394741058,210.06734815559216,2.1866893932708127,11.229239001870155,10,353.1953125,686.62109375,373.4453125,17.671730041503906,388.50531005859375,40.994903564453125,638.83203125,0.0,16.55717685773208,15.097855,0.0,896,1.404036786516811,503.9522949520012,507.9475420000963,510.86446599988267,0
nuxt,sustained,large,50,64,1,30.159737437,11657,386.5086698566274,386.5086698566274,1554576,573.0219859609952,164.96106283263313,164.94095200000083,195.28485100000034,219.03589799999827,163.45983200000046,193.68210700000054,99.66969580085822,2.5803368791284207,76.92160592886297,114.229247,127.729663,971,32.175044532794054,4364.217071920633,374.38595452694807,14.461264535512505,14.763659000396729,302,309.1328125,651.484375,443.73828125,72.08814239501953,416.32057189941406,151.80624389648438,615.1796875,0.0,66.90255083612395,15.761407,0.0,11657,1.4766859552878886,51.56265770258078,53.484186000190675,55.605648999568075,0
nuxt,sustained,large,50,64,2,30.139271993999998,11762,390.25494717793885,390.25494717793885,1554576,578.5760638848222,163.55935136141838,161.92866800000002,197.60329299999967,221.44121099999938,160.44065300000148,195.32841799999733,101.11534921494018,2.5934489882673017,78.24912844198994,108.199935,136.839167,950,31.49066313973414,4329.433084204793,368.086472045978,14.351233562180354,18.734131008386612,293,273.28125,701.4765625,379.28515625,47.19866180419922,430.8467559814453,79.67695617675781,663.4453125,0.0,68.90683630985517,15.359999,0.0,11762,1.610845380321869,51.42422821807687,53.55301799997687,56.004520000424236,0
react-router,matrix,hello,200,1,1,6.0352693120000005,29,4.8050879755007685,4.8050879755007685,2746,0.012583514767384636,207.819324724138,207.68158300000005,210.744465,212.13879999999972,207.414625,210.41850599999998,3.878509856490365,8.096862068965518,3.180399098018211,13.549567,27.426815,0,0.0,0,0.0,0,0,0,284.0859375,284.0859375,284.0859375,21.75170135498047,30.560813903808594,30.560813903808594,239.34375,0.0,3.874469522841075,13.721599,0.0,29,1.393910041075069,201.3624326206808,203.2733250001911,203.60628299997188,0
react-router,matrix,hello,200,16,1,8.109216929,560,69.05722277540023,69.05722277540023,2746,0.18084634184002785,230.50919756607126,229.6038349999999,244.80699099999993,247.9537049999999,229.4982100000002,244.72849100000008,14.458075892255309,2.1018857142857144,13.696327664637842,29.196287,40.108031,7,0.8598276653429163,43.69804498553276,78.03222318845137,0.5367541142851481,12.020316004753113,1,284.0859375,284.0859375,284.0859375,27.88825225830078,51.27986145019531,43.59617614746094,239.34375,0.0,15.373513765271596,13.787135,0.0,560,1.6494128916368407,201.92313498213855,204.00920099997893,204.95641100010835,0
react-router,matrix,hello,200,16,2,8.22885593,560,68.05320262788949,68.05320262788949,2746,0.1782170242463918,234.4155421089285,233.922959,248.33491000000004,253.23859600000014,233.80105100000003,248.29003900000043,16.299999657515585,2.3989625,15.318239435125069,32.931839,47.120383,8,0.970657682079267,52.443646997213364,93.64936963788101,0.6363103604262305,10.283003002405167,2,341.81640625,341.81640625,341.81640625,46.703643798828125,55.623451232910156,44.74212646484375,303.0625,0.0,14.719547000390822,13.901823,0.0,560,1.6576959755372034,201.84613466786104,204.07554399967194,204.82382299983874,0
react-router,matrix,hello,200,64,1,8.125584879,1920,236.29068289743725,236.29068289743725,2746,0.618795600162852,267.51754660781296,259.06706099999974,343.6818979999998,471.24694499999987,258.97977000000037,343.31381299999975,28.587700013197512,1.2184213541666666,26.76602615115679,48.201727,169.082879,23,2.8106600553548535,134.08414594829082,69.83549268140148,1.6385432742314405,23.889047995209694,4,284.0859375,284.0859375,284.0859375,45.90064239501953,57.712486267089844,41.035560607910156,239.359375,0.0,23.0944778511043,14.508031,0.0,1920,2.78530857113753,202.88326710572667,206.1804140000604,211.07154799997807,0
react-router,matrix,hello,200,64,2,8.194689037999998,2049,250.03999425707073,250.03999425707073,2746,0.6548021547602808,254.8875569614451,255.05067199999996,267.79128800000035,270.40551499999947,255.01771599999995,267.7444580000001,26.598371632302598,1.0659580283064911,23.275511714453074,42.369023,54.231039,24,2.922699923152013,93.28109294176102,45.525179571381656,1.135969346551753,10.920997992157936,5,341.5546875,341.81640625,341.81640625,35.92242431640625,51.732818603515625,46.52630615234375,303.0625,0.0,16.64436261741756,13.737983,0.0,2049,2.86035285579967,203.074483190335,206.6397330001928,209.2066290001385,0
react-router,matrix,hello,50,1,1,6.047955921,103,17.030547402364245,17.030547402364245,2745,0.044583180064668514,58.45190271844657,57.863946999999825,63.42784499999971,76.44017600000006,57.652360000000044,63.141909999999825,11.893642678830574,7.014718446601941,10.832362597837427,16.564223,40.632319,1,0.1646142463119235,16.07581900060177,156.07591262720163,0.264630882863096,16.07581900060177,0,244.1796875,244.1796875,244.1796875,38.683349609375,44.689849853515625,43.912559509277344,203.515625,0.0,7.524820429942518,14.475263,0.0,103,2.426654629925306,51.26358218447224,52.82316299993545,59.01472900016233,0
react-router,matrix,hello,50,16,1,8.063862041,1765,218.87775249948623,218.87775249948623,2745,0.5729860597716233,72.83224251784702,70.70770300000004,89.18353200000001,131.60972199999998,70.60487000000012,89.09840799999984,34.91574122017663,1.5999206798866856,31.56734977733537,28.475391,48.267263,26,3.214781440030994,99.97496198117733,56.64303794967554,1.236144816326512,9.065852999687195,4,244.4296875,244.6796875,244.6796875,30.308441162109375,50.65765380859375,30.777687072753906,203.921875,0.0,21.119352203396456,14.680063,0.0,1765,4.332388756724447,51.83088100340175,53.32632800005376,93.96485499991104,0
react-router,matrix,hello,50,16,2,8.021360094,1808,225.39818419975796,225.39818419975796,2745,0.5900554806025845,70.75985500995569,70.5534560000001,80.61510000000004,88.97049199999947,70.4705869999998,80.572811,31.98235876467553,1.42322953539823,29.97881991213818,26.525695,73.465855,22,2.7343858474329488,101.15989898145199,55.951271560537606,1.2573190731937687,7.596947997808456,4,343.25390625,343.25390625,343.25390625,19.846641540527344,55.622047424316406,50.46526336669922,304.453125,0.0,20.8280292203884,13.942783,0.0,1808,2.6855631183264648,51.2844355315363,53.013439000118524,54.18356199981645,0
react-router,matrix,hello,50,64,1,8.070309276,6717,832.3101098461545,832.3101098461545,2745,2.178851367500014,76.44959433303555,70.38603700000021,131.475013,148.00601499999993,70.36595399999987,131.35413900000003,52.23871831173285,0.6293057912758672,42.707969531587615,48.431103,85.786623,90,11.122385552031847,251.387133076787,37.42550738079306,3.1066940187777363,11.00559800863266,16,244.9296875,253.0625,253.0625,33.40166473388672,56.603363037109375,47.075584411621094,212.59375,0.0,22.047122084916108,15.097855,0.0,6717,3.5840427957067904,51.42169967768628,53.31787100015208,58.27244199998677,0
react-router,matrix,hello,50,64,2,8.07406818,7263,899.5465282285987,899.5465282285987,2745,2.3548652839541466,70.57343554880907,69.53057199999967,82.30472700000018,101.45296000000008,69.5169479999995,82.27314599999954,40.35486935383384,0.44945779980724215,33.08850381556953,25.804799,64.880639,91,11.249478041371246,228.70596304535866,31.489186705956033,2.8272777024279407,5.802244991064072,17,342.0703125,343.25390625,343.25390625,47.61619567871094,58.2918701171875,43.839080810546875,304.4375,0.0,15.23197351339627,14.303231,0.0,7263,2.7948448890538238,51.169914772819446,52.984108000062406,54.33496799971908,0
react-router,matrix,hello,500,1,1,6.123538836,12,1.9596511627316804,1.9596511627316804,2746,0.005131914227353282,509.7520349166666,508.9049359999999,519.783506,519.783506,508.5063690000002,518.1043159999999,2.6298035898107983,13.458666666666666,2.1227174377625153,13.139967,17.645567,0,0.0,0,0.0,0,0,0,244.12109375,244.51171875,244.51171875,29.00251007080078,33.19171905517578,33.19171905517578,202.984375,0.0,3.286288119840183,13.099007,0.0,12,1.0682969287547759,500.87853741663275,503.32249599997886,503.32249599997886,0
react-router,matrix,hello,500,16,1,8.155359211999999,240,29.428501401490447,29.428501401490447,2746,0.07706705555772092,541.4772722250002,541.577232,553.109802,554.9699620000001,541.431097,552.8586190000001,10.543292175842216,3.5921375,8.757011744127077,33.357823,43.712511,16,1.956735077808541,39.80137598514557,165.83906660477322,0.48675467834488,7.1694580018520355,2,169.08984375,189.875,189.875,17.881729125976562,29.037368774414062,29.037368774414062,149.125,0.0,8.786618639334394,13.819903,0.0,240,1.2933879585217236,502.0447142916625,505.3931699998211,510.8673950000666,0
react-router,matrix,hello,500,16,2,8.509777458,256,30.083042860226108,30.083042860226108,2746,0.07878116197031107,530.5683383554689,530.5422000000001,538.2484120000004,539.6782950000002,530.2445339999995,538.1171390000004,6.972805044216143,2.32163671875,6.5005424273391625,26.656767,34.537471,3,0.35196100428624794,24.238600999116898,94.68203515280038,0.2843680783380945,10.4305370002985,1,343.24609375,343.24609375,343.24609375,45.729591369628906,46.93367004394531,39.96178436279297,294.375,0.0,8.819628783601544,13.598719,0.0,256,1.3235095324446282,502.20005016014875,508.5811129999347,508.7982910000719,0
react-router,matrix,hello,500,64,1,8.171692215,903,110.50342771628728,110.50342771628728,2746,0.2893852353181122,570.2921541882606,571.7423259999996,607.64462,623.331039,571.6538620000001,607.2265520000001,21.483525609388963,1.949045404208195,18.2607182807997,42.860543,66.912255,14,1.708928461622724,82.02874401211739,90.84024807543453,1.0012946808105143,18.627315998077393,3,202.515625,244.1796875,244.1796875,28.409812927246094,57.70098114013672,34.14073944091797,203.484375,0.0,21.681079432477155,15.917055,0.0,903,2.246912743057072,502.42470745294423,505.54013800015673,506.83097000001,0
react-router,matrix,hello,500,64,2,8.402997069000001,960,114.24495238033504,114.24495238033504,2746,0.29918350146903994,557.8664169416659,557.7230150000005,577.7223359999998,582.1073040000001,557.6321590000002,577.6600950000002,12.982801648798667,1.1379124999999999,11.8289443380502,35.487743,41.582591,11,1.3073172927838013,53.311591014266014,55.53290730652709,0.6335924076251588,9.754572004079819,2,343.62109375,343.62109375,343.24609375,25.147415161132812,56.5765380859375,38.21240997314453,294.77734375,0.0,12.118488601013862,13.778943,0.0,960,1.7947479065265064,502.85323047395843,507.1965990001336,508.46792000019923,0
react-router,matrix,large,200,1,1,6.053289701000001,27,4.46038457329072,4.46038457329072,1555911,6.618462964833582,223.86716914814812,223.15669500000058,233.90037499999994,244.41997099999998,216.91578799999934,227.21971600000052,17.31527219422626,39.09796296296296,12.464985253791063,28.131327,33.505279,16,2.6244083485226586,36.48885501921177,1351.4390747856212,0.5985103483778268,5.551862001419067,8,283.28515625,284.9609375,283.6796875,19.469078063964844,39.87079620361328,24.09808349609375,238.82421875,0.0,8.11999732640322,15.253503,0.0,27,1.386379855620894,200.82616133331666,203.4817599998787,203.56976100010797,0
react-router,matrix,large,200,16,1,8.287280331,417,50.3180758155531,50.3180758155531,1555911,74.66358915353112,308.84179799760193,291.758049,398.3333080000002,498.08511599999974,289.3127450000002,392.47257000000036,42.73382719833928,8.506402877697841,36.31261134689304,87.162879,290.979839,104,12.52919377596023,121.94901198148727,292.44367381651625,1.4691565402912978,8.252751007676125,26,283.31640625,284.5,283.59375,19.99199676513672,34.670692443847656,24.651626586914062,238.4140625,0.0,21.223851161641043,15.753215,0.0,417,1.4857056450747257,201.35877347481716,203.369217999978,205.97464799997397,0
react-router,matrix,large,200,16,2,8.165704241,464,56.82302301254753,56.82302301254753,1555911,84.31584030006012,279.792194599138,278.890858,295.38308699999993,317.02551100000073,276.50744100000065,292.54077699999993,37.830961742273146,6.665756465517242,31.33641931382526,67.108863,105.709567,113,13.82160261603669,82.60108514130116,178.01958004590765,1.0103357296252011,4.88552300632,27,343.32421875,344.625,344.09375,19.528045654296875,41.18328857421875,32.09320068359375,295.734375,0.0,16.242690848357906,14.057471,0.0,464,0.8291086948151383,201.47924810344983,203.66361299995333,206.2935770000331,0
react-router,matrix,large,200,64,1,8.353662211,1152,137.90358897718662,137.90358897718662,1555911,204.62580778988212,456.9352805633683,454.5311619999993,507.2303919999995,541.0575440000002,451.91186500000003,501.8825480000005,64.26410497649748,4.671072916666667,58.39093772487125,248.774655,291.504127,198,23.64637255698768,182.71070584654808,158.60304326957296,2.182043141715991,3.445840001106262,18,283.65625,285.61328125,283.32421875,24.748001098632812,48.97857666015625,19.8856201171875,239.5546875,0.0,32.79577930696246,13.828095,0.0,1152,1.125990158284268,202.10485750520678,204.63645200012252,207.8020409999881,0
react-router,matrix,large,200,64,2,8.435460212,1159,137.3961788535551,137.3961788535551,1555911,203.87289622899416,448.079230897325,442.7701310000001,519.932229,549.5607849999997,439.1832589999999,510.66394599999967,61.082498587282615,4.454489214840379,55.8422139940961,239.337471,300.679167,200,23.662762323621763,182.33648811280727,157.32225031303477,2.1572924905686217,7.0521370023489,19,344.5703125,346.90625,343.265625,37.56354522705078,61.25480651855469,19.61103057861328,298.03125,0.0,31.901304316054386,14.426111,0.0,1159,1.2272045959421762,202.41685888696563,205.03100399998948,207.06092799967155,0
react-router,matrix,large,50,1,1,6.034514687,83,13.754212940902235,13.754212940902235,1555910,20.408933121566008,72.54897884337349,66.94338699999935,82.591676,242.03933400000005,62.991867000000184,78.63911499999995,42.970648469727365,31.33267469879518,32.85594288970402,41.353215,183.238655,48,7.931175917618289,125.69735698401928,1514.4259877592685,2.076933022124839,9.39154800772667,24,265.10546875,266.375,265.15234375,29.652671813964844,44.99150848388672,29.563865661621094,220.10546875,0.0,12.10495296267078,19.890175,0.0,83,3.3441018427213636,51.62298413254713,52.38414599979296,124.5860190000385,0
react-router,matrix,large,50,16,1,8.089814768,1140,140.91793603351388,140.91793603351388,1555910,209.098459104447,112.93039855614022,111.41586699999971,133.16193799999996,140.025807,109.98644399999989,128.34858000000077,70.63538759698872,5.029409649122807,59.31545275697271,67.108863,89.653247,273,33.63280719525333,238.5748119354248,209.27615082054808,2.939172399805115,5.753571003675461,65,264.4140625,266.9140625,265.234375,19.026077270507812,48.84246063232422,32.270042419433594,220.69140625,0.0,31.21876329319636,14.475263,0.0,1140,0.8195412772294505,50.56556992192667,52.272311999928206,54.44898999994621,0
react-router,matrix,large,50,16,2,8.110964747999999,1148,141.53680057394823,141.53680057394823,1555910,210.0167497453802,112.19401752177703,111.30170299999997,125.45567400000073,144.25218399999994,109.75323200000003,123.48073399999976,70.38275366794332,4.98223519163763,59.49311401985188,61.997055,101.842943,281,34.57852478071404,286.6312151402235,249.6787588329473,3.527147535819359,6.218422994017601,69,331.33984375,334.81640625,331.92578125,19.22161865234375,53.20899963378906,18.55657196044922,299.26171875,0.0,28.616167879661038,13.729791,0.0,1148,0.9395473508398562,50.95764347561635,52.661713999696076,53.854003000073135,0
react-router,matrix,large,50,64,1,8.454060650999999,1640,193.98961844519184,193.98961844519184,1555910,287.84788821702807,321.2048899536588,297.97712299999966,454.76339199999984,540.9034620000002,295.1244420000003,449.2106969999995,92.63697634449906,4.7866280487804875,86.22589819143883,357.040127,422.838271,274,32.334146725306574,301.295685172081,183.71688120248842,3.555525143086075,7.254705011844635,21,264.44921875,289.359375,283.0078125,19.81139373779297,87.72537994384766,19.726821899414062,242.8984375,0.0,48.3320981747849,15.679487,0.0,1640,1.3502962367905036,51.019517034144144,52.9639399999287,54.13448799983598,0
react-router,matrix,large,50,64,2,8.256325518,1923,232.91232834843757,232.91232834843757,1555910,345.6026275640655,270.9347829063964,268.41045199999917,311.1488880000006,328.6727809999993,265.76385200000004,291.51798000000053,91.96123134261164,3.955625585023401,83.44501550076198,226.361343,228.196351,326,39.411949381373546,293.7960719615221,152.78006862273642,3.5518637780962847,6.111473008990288,28,322.6875,334.33984375,333.52734375,18.03699493408203,69.95999145507812,44.182640075683594,298.78515625,0.0,42.02672076593246,14.073855,0.0,1923,0.8160117066744726,50.88641004732486,52.90315499994904,55.84506700001657,0
react-router,matrix,large,500,1,1,6.519059190999999,12,1.840756411073366,1.840756411073366,1555911,2.7313739283652994,542.5523942500002,527.924479,632.9039790000002,632.9039790000002,521.9066560000001,595.6701199999998,12.663228623336611,69.06116666666667,9.039712192346563,28.999679,95.485951,7,1.069614621378588,43.94064602255821,3661.720501879851,0.6714222494078451,21.729321002960205,3,265.0859375,266.0078125,266.0078125,30.45092010498047,39.679656982421875,39.679656982421875,220.90234375,0.0,7.186611022882808,15.179775,0.0,12,1.8422281084311585,501.68531849999755,508.22958499984816,508.22958499984816,0
react-router,matrix,large,500,16,1,8.531333133,224,26.256154402592355,26.256154402592355,1555911,38.95973153371036,605.7215832232142,605.4765050000001,616.7620210000005,633.471399,603.1142,613.620296,20.844660304199515,7.957375,18.424165971723557,79.691775,85.458943,55,6.431905693566914,71.7862079590559,320.4741426743567,0.8394947630753276,5.1320270001888275,13,264.4453125,265.73046875,265.73046875,19.918052673339844,34.419273376464844,34.419273376464844,219.6015625,0.0,14.321010857094146,14.147583,0.0,224,0.9439070434601172,502.11565601786214,504.70335800014436,505.04752599983476,0
react-router,matrix,large,500,16,2,8.48569514,224,26.39736595580783,26.39736595580783,1555911,39.16926580588047,603.3795855714285,604.2415450000008,621.2933059999996,642.8175330000001,601.1580199999999,608.5146100000002,21.98477872219478,8.337299107142858,18.426987512549854,71.565311,77.660159,54,6.3568572331123745,76.48189993202686,341.4370532679771,0.9003417014538551,6.793631002306938,13,341.87890625,342.65234375,342.33984375,18.952072143554688,33.53881072998047,31.366470336914062,304.21484375,0.0,11.573922252630666,13.729791,0.0,224,1.0070622999905818,501.5029870937641,504.018662000075,506.3015379998833,0
react-router,matrix,large,500,64,1,8.387054138,640,76.30808022334004,76.30808022334004,1555911,113.22839871251794,825.1237342234374,792.0267180000001,1201.4822920000001,1251.504093,787.682487,1199.5395739999994,44.80096771850815,5.8783375,41.07314300117848,270.794751,702.021631,109,12.980140753331055,105.30674605071545,164.54179070424289,1.254033381663831,5.914280012249947,9,264.2109375,266.87890625,266.40625,23.056419372558594,51.10124206542969,42.776512145996094,220.5390625,0.0,26.958689339887854,17.154047,0.0,640,2.1331230238852332,502.51163879843625,504.4153149998747,508.69546200009063,0
react-router,matrix,large,500,64,2,8.4392191,704,83.42004060541572,83.42004060541572,1555911,123.78135566560076,757.1463398181818,760.350492,787.185001,797.3335950000001,756.3404919999998,779.8665740000001,39.88671126425804,4.787316761363637,35.73890232085805,230.031359,238.419967,119,14.083492515725611,144.92366601526737,205.857480135323,1.7151524081323835,7.195851996541023,10,331.91015625,345.7734375,343.41796875,19.31206512451172,73.28101348876953,37.50212860107422,310.35546875,0.0,20.787906377656103,13.688831,0.0,704,1.2660995210389285,503.7292401491544,506.96378199988976,508.09490799997,0
react-router,matrix,medium,200,1,1,6.221807072,28,4.500300262605121,4.500300262605121,811358,3.4822031216304454,221.69267703571427,221.36601900000005,243.55000900000005,246.13110499999948,214.852985,239.87849000000006,13.998915585286596,31.212392857142856,10.430042024491586,26.951679,35.520511,10,1.6018037232562838,39.23870402574539,1401.382286633764,0.628527022041903,6.653284996747971,5,283.8984375,284.12109375,283.2265625,34.72016143798828,39.36067199707031,25.010543823242188,237.6875,0.0,7.678352168042842,17.334271,0.0,28,1.6961021241583072,200.31424950001696,201.9999610001687,202.41521300002933,0
react-router,matrix,medium,200,16,1,8.272591005,475,57.4185282111623,57.4185282111623,811358,44.42880841479513,273.0210109242106,272.524492,294.114145,300.9129720000001,271.38544399999955,292.4030950000006,33.70784149024307,5.887591578947369,28.50919559511024,64.520191,85.590015,67,8.075593701244602,96.07179307937622,202.25640648289732,1.157965323968784,6.148532003164291,19,283.66015625,285.109375,283.75,31.462326049804688,49.4771728515625,28.84259033203125,238.53125,0.0,20.129459256382766,14.721023,0.0,475,1.341094455623843,201.52528624841895,204.54851499991491,209.49666599999182,0
react-router,matrix,medium,200,16,2,8.211050311000001,480,58.457807688373805,58.457807688373805,811358,45.23297303240165,272.69728784583316,272.65356599999996,282.716805,286.6814669999999,271.43581700000016,281.20134800000005,32.39577055279006,5.5483062499999996,27.969459618780903,57.114623,64.749567,68,8.27171504513098,105.72609104216099,220.26268967116872,1.2860824969651925,4.6243690103292465,19,343.39453125,344.86328125,343.953125,19.854965209960938,46.760154724121094,32.115013122558594,296.05078125,0.0,15.20255359613403,14.041087,0.0,480,1.1140924328330202,202.18760842291329,204.30860099988058,205.09089299989864,0
react-router,matrix,medium,200,64,1,8.337827965999999,1426,171.02775516776597,171.02775516776597,811358,132.33636605969264,363.6055942531561,356.40579999999954,421.46872000000076,486.7119739999998,355.47267100000045,417.94549299999926,52.91002782416058,3.1216998597475456,46.303134184176706,163.315711,252.837887,144,17.115508701428368,156.45134392380714,109.71342491150571,1.85954467935978,11.15547400712967,15,284.7734375,285.19921875,284.3046875,46.410057067871094,60.41572570800781,38.47742462158203,238.76953125,0.0,26.778820367052553,14.802943,0.0,1426,1.4939929816147495,202.40775891234262,206.85169399995357,208.57166200014763,0
react-router,matrix,medium,200,64,2,8.246209918,1472,178.50624888736917,178.50624888736917,811358,138.12300976253326,355.5607501657614,351.27393500000017,391.224068,452.37008200000014,350.14526899999964,390.16843599999993,50.51440602395974,2.836951766304348,45.552701600258715,135.135231,236.453887,154,18.628428083308087,168.36708195507526,114.37981111078483,2.0366325180497133,6.169343009591103,18,343.3671875,345.7421875,343.3984375,19.641387939453125,71.04083251953125,19.9638671875,296.77734375,0.0,25.253048786429915,13.918207,0.0,1472,1.4669011899299496,202.46000612839111,205.89262000005692,207.04816100001335,0
react-router,matrix,medium,50,1,1,6.011708765000001,92,15.303469212550915,15.303469212550915,811357,11.841370458495783,65.15814471739131,64.16937899999994,74.17023299999983,93.15160399999968,61.33483100000012,69.63580599999977,32.69529038934764,21.446380434782608,24.222559009526968,24.477695,42.041343,29,4.805530786795794,93.59677301347256,1017.3562284073104,1.5509730146930345,10.101187005639076,14,283.32421875,284.3984375,284.3984375,19.452735900878906,38.476844787597656,36.941558837890625,238.33984375,0.0,10.169526596157237,16.605183,0.0,92,2.4635229523936806,50.876212956515424,52.15685399994254,54.4935669999104,0
react-router,matrix,medium,50,16,1,8.081324707,1281,158.51361582964296,158.51361582964296,811357,122.65313320035136,100.04451397501965,96.20956800000022,131.40768000000025,159.083736,95.43164999999999,129.10867599999995,63.96208988640251,4.0531069476971116,53.64660298414942,62.980095,106.627071,181,22.297903266042095,273.5826290845871,213.5695777397245,3.3703419881754684,8.267307996749878,51,284.14453125,285.87109375,284.19140625,34.09131622314453,53.67652893066406,34.475990295410156,239.7578125,0.0,31.551896770601548,14.712831,0.0,1281,1.9130460534072093,51.17857432162032,52.72177299996838,67.79676099983044,0
react-router,matrix,medium,50,16,2,8.078756253,1556,192.6039047684089,192.6039047684089,811357,149.03118740194506,82.80033219344473,81.73157400000036,90.85077199999978,99.89288599999963,81.03978300000017,89.72418999999991,53.02077996828152,2.7560109254498717,43.84212523257342,35.913727,40.009727,217,26.829669229928346,207.37351202964783,133.2734653146837,2.563945960739179,6.19820199906826,60,344.2109375,346.31640625,344.76953125,32.13970184326172,62.722984313964844,41.18829345703125,297.5625,0.0,20.809859465448845,13.697023,0.0,1556,0.8513647110560083,51.00532576734988,52.86902299989015,54.581813000142574,0
react-router,matrix,medium,50,64,1,8.144412458,2627,322.5524264085595,322.5524264085595,811357,249.5814981780716,196.57498456033522,183.0514089999997,288.3996199999999,351.339663,182.33340700000008,286.80182499999995,86.84634225377141,2.7033277502854967,77.23086346646684,177.602559,278.396927,273,33.38530925000105,296.2359340041876,112.76586753109538,3.622684347140185,9.395851999521255,30,283.39453125,286.9921875,284.0859375,19.823898315429688,73.63859558105469,20.463409423828125,242.33203125,0.0,43.62833240838383,14.098431,0.0,2627,1.5133324010951885,51.175135043775505,53.53369099996053,54.440484000137076,0
react-router,matrix,medium,50,64,2,8.132400817,3016,370.862192834291,370.862192834291,811357,286.962162200405,171.14464283454936,171.260722,179.89737999999943,190.313826,170.35914000000002,178.69358899999997,81.46403989068142,2.2001999336870024,73.15608884053054,120.848383,123.142143,321,39.407373613877226,299.12266087532043,99.17860108598157,3.6721615119909186,7.914990991353989,41,343.49609375,345.44140625,345.25,19.761383056640625,60.26182556152344,50.52387237548828,296.4453125,0.0,37.07121931767169,13.737983,0.0,3016,1.0832663822526374,50.82519370027131,52.52077399985865,53.50752199999988,0
react-router,matrix,medium,500,1,1,6.353937360999999,12,1.88859274465863,1.88859274465863,811358,1.4613388367850653,528.8729730833332,522.9323690000001,554.3783589999998,554.3783589999998,517.6356329999999,548.0990000000002,6.890798562094633,36.61658333333333,5.46208095005243,26.394623,32.161791,4,0.6272930582085652,30.802521005272865,2566.8767504394054,0.48305519004827957,9.498851001262665,2,253.28125,254.18359375,253.46484375,33.68939971923828,40.49143981933594,24.382858276367188,213.18359375,0.0,5.178604672435011,18.366463,0.0,12,1.3651066636776759,501.25695808334666,502.4142770001199,502.4142770001199,0
react-router,matrix,medium,500,16,1,8.460198599,224,26.476919823900698,26.476919823900698,811358,20.487080301742957,600.5920859151786,597.9761319999998,671.4345949999997,676.8667479999995,591.4784319999999,666.9411129999999,20.031698797882694,7.580879464285714,17.978837607032432,68.681727,162.004991,32,3.7748539207383605,60.76081296801567,271.2536293214985,0.716759978311138,6.979744002223015,9,253.9765625,254.7578125,253.86328125,38.43421173095703,46.29205322265625,31.308303833007812,209.8125,0.0,14.881474775042511,14.671871,0.0,224,1.2052194316142906,502.13871491516744,505.8289479999803,508.1890009997878,0
react-router,matrix,medium,500,16,2,8.281718849999999,224,27.04752528516469,27.04752528516469,811358,20.928598423309946,589.077045004464,585.851404,643.5780199999999,650.7171010000002,583.1262449999995,641.8138079999999,18.848227863717167,6.983799107142858,16.45739828415843,70.451199,78.512127,36,4.337437878187578,68.22051793336868,304.5558836311102,0.821950718204912,6.689769998192787,11,343.3203125,344.0234375,343.3203125,19.702247619628906,33.381187438964844,19.217926025390625,297.546875,0.0,13.94520918664172,15.949823,0.0,224,1.856508196850978,503.99239835267406,504.84251200035214,552.9523499999195,0
react-router,matrix,medium,500,64,1,8.683986463,762,87.74771854454927,87.74771854454927,811358,67.89666502272455,718.5135945485562,701.886544,808.919514,861.0599499999998,697.498771,805.1616199999999,35.88236348379317,4.094800524934383,32.19342828272178,168.951807,339.214335,84,9.65989944561481,115.98343399167061,152.20923096019766,1.3337956068055248,11.883769989013672,13,258.25390625,265.9765625,264.31640625,20.112930297851562,51.75343322753906,19.808372497558594,221.09765625,0.0,21.282127172170462,13.918207,0.0,762,1.4816993348071663,503.5659717178483,506.32049200008623,507.539790000068,0
react-router,matrix,medium,500,64,2,8.258858347000002,768,92.9910609592878,92.9910609592878,811358,71.95381282597144,682.5640262018223,682.8368069999997,723.8894270000001,808.8467240000001,677.5759200000002,720.7237869999999,32.77659789892869,3.528493489583333,28.849581792154783,163.577855,198.443007,80,9.676166210549663,92.35305301845074,120.2513711177744,1.1170293638227933,5.495521008968353,9,343.3046875,345.171875,343.92578125,20.62895965576172,64.8661880493164,37.01349639892578,297.484375,0.0,19.952956689358576,13.852671,0.0,768,1.4657750587269538,503.424493312504,506.71420800033957,507.57325400039554,0
react-router,sustained,large,50,64,1,30.265458909,7300,241.199052092655,241.199052092655,1555910,357.89872850559505,264.3341527545204,263.53032600000006,277.46299199999976,316.17013399999996,262.26658099999986,275.31107599999996,90.26870974126982,3.7457130136986305,82.45758628109002,212.074495,230.162431,1244,41.067688127172104,921.0929289460182,126.17711355424908,3.040768259011139,6.725475996732712,108,313.66796875,326.640625,320.82421875,19.018653869628906,75.0226058959961,21.18439483642578,288.2890625,0.0,38.62340014683956,14.794751,0.0,7300,0.7503362069949798,51.547023395478774,53.430771000217646,55.4508889997378,0
react-router,sustained,large,50,64,2,30.25587338,7383,244.0187367018919,244.0187367018919,1555910,362.0826650827795,260.9709215866176,259.30939299999955,282.5124020000003,297.1788029999998,257.8621610000009,279.1244160000001,89.62256791036474,3.675010971149939,82.29587431123858,211.288063,223.739903,1245,41.12398825546064,945.8977846652269,128.118350896008,3.12442485039671,7.1541789919137955,97,308.69921875,322.8359375,319.046875,19.094764709472656,64.87674713134766,27.53974151611328,276.81640625,0.0,38.66251357648398,14.843903,0.0,7383,0.7714115842775195,51.301179109438486,53.80854899995029,55.08762199990451,0
solid,matrix,hello,200,1,1,6.206736175,30,4.833458222509353,4.833458222509353,1895,0.008735087711005425,206.50880343333333,206.274243,208.57707500000015,210.410365,7.639783999999963,9.069031999999993,3.4248640707441984,7.1034999999999995,2.888202056417587,13.852671,15.359999,0,0.0,0,0.0,0,0,0,280.38671875,280.38671875,280.38671875,29.579696655273438,35.319725036621094,35.319725036621094,234.96875,0.0,4.160838097198758,13.516799,0.0,30,1.5024181984031468,200.99721893333674,202.43599799997173,202.78174800006673,0
solid,matrix,hello,200,16,1,8.186617618000001,611,74.63399764227267,74.63399764227267,1895,0.13487951806269333,211.34727253518815,206.53832699999975,240.37608400000045,288.2070760000006,5.0287450000005265,25.288390000000163,20.97806116781727,2.820923076923077,18.773607458587957,28.213247,63.406079,9,1.0954067252327444,130.3178220242262,213.2861244259021,1.5861224295891245,28.325220003724098,2,280.38671875,280.38671875,273.2890625,49.028343200683594,53.59797668457031,26.63134002685547,234.96875,0.0,24.689805752357685,15.736831,0.0,611,4.130305103265654,201.50588579869634,203.6284970000852,225.3389320001006,0
solid,matrix,hello,200,16,2,8.205708557,623,75.92275495435928,75.92275495435928,1895,0.13720857681132395,208.477198622793,206.77735099999973,221.25660300000004,229.3713429999998,5.518784000000778,12.847983000000113,20.210058735063125,2.6704799357945426,17.99508936586074,15.007743,28.459007,8,0.9718073886749726,98.25146201252937,157.70700162524778,1.1935187091486803,25.18793199956417,2,252.8359375,252.8359375,252.8359375,18.91168212890625,44.15760040283203,29.316436767578125,214.13671875,0.0,17.949867215054955,14.491647,0.0,623,3.6684969771877256,201.1958397303388,203.85131300007924,211.01796999992803,0
solid,matrix,hello,200,64,1,8.207226971,2367,288.4043548891393,288.4043548891393,1895,0.5212080502652349,217.51989810942138,213.76498600000014,251.97094599999946,262.82968600000004,7.715366999999787,32.88354899999999,34.37223245148151,1.1961960287283482,29.564139868620405,21.757951,41.451519,31,3.763299820992637,226.8065119832754,95.82024164903905,2.7533577611181443,23.414517000317574,8,273.2890625,273.4140625,273.4140625,34.91596221923828,47.03539276123047,22.8988037109375,227.90234375,0.0,25.856334960857634,16.941055,0.0,2367,5.26468126466092,202.15177076510673,205.85536899999715,245.51582799991593,0
solid,matrix,hello,200,64,2,8.202436518,2396,292.1083259519351,292.1083259519351,1895,0.527901914290349,216.374388472454,215.15123500000027,238.08466899999985,252.3414040000007,8.648991000000024,25.641139999999723,37.57542537779829,1.2928843906510852,30.374625021118984,23.461887,34.373631,29,3.5176724531963686,237.425960034132,99.09263774379467,2.879954342364717,20.55885300040245,7,252.0859375,252.8359375,252.8359375,22.25439453125,46.200408935546875,37.15943145751953,214.13671875,0.0,23.74981424890073,14.327807,0.0,2396,4.339262158575596,201.31177255884688,203.4517469999846,207.92228400008753,0
solid,matrix,hello,50,1,1,6.005787295,106,17.649642718490583,17.649642718490583,1893,0.031862996736624405,56.41729042452827,56.08419599999979,58.38249199999973,64.66221300000001,6.787180000000262,8.283559000000423,9.829994876134153,5.584924528301887,8.657466210312474,13.615103,35.618815,3,0.4981399493312938,28.717432007193565,270.91916987918455,0.4768433374996092,26.114344000816345,1,230.11328125,230.11328125,230.11328125,36.56526184082031,44.92388916015625,24.339645385742188,187.29296875,0.0,6.59205265157154,14.065663,0.0,106,2.4178811651964742,51.2027190188561,52.810272000031546,54.03785800002515,0
solid,matrix,hello,50,16,1,8.057923827,2149,266.69400780375486,266.69400780375486,1893,0.4814641540265159,59.59401817263843,58.03044899999986,70.04968199999985,85.49863000000005,5.414843999999903,15.373614000000089,39.2883958890297,1.4782289436947418,32.929357494340245,20.873215,58.884095,32,3.9576388319784233,193.94013899564743,90.24669101705325,2.39857820365146,17.72766000032425,8,230.2421875,230.62109375,230.62109375,26.70153045654297,42.13330078125,30.73394775390625,187.83984375,0.0,26.95037047632922,14.794751,0.0,2149,4.805248187674959,51.375979672873086,53.386315000010654,76.5260699999053,0
solid,matrix,hello,50,16,2,8.042283006,2165,269.20216540313083,269.20216540313083,1893,0.48599214468777335,59.232598343649016,57.92004799999995,71.69344699999965,81.28480899999977,5.5154929999998785,13.190815999999359,35.98037781241179,1.339276674364896,32.13296568157275,25.903103,34.242559,30,3.7227062499434527,272.37101106345654,125.80647162284367,3.379857550631156,28.733920007944107,8,256.34375,256.34375,256.34375,45.90275573730469,53.096717834472656,20.493331909179688,217.58984375,0.0,28.283113258726537,14.508031,0.0,2165,5.395542692297881,51.05333177090072,53.00167899997905,59.292838000226766,0
solid,matrix,hello,50,64,1,8.05312215,9173,1139.0613266681917,1139.0613266681917,1893,2.0563536561802738,55.93788772168313,54.89898499999981,64.04733699999997,73.11039699999947,3.501589999999851,10.629605000000083,54.438289853365134,0.47929695846506054,40.49584134964637,17.547263,22.069247,114,14.115402236149835,553.2843970358372,60.316624554217505,6.850729662409185,13.051859006285667,27,230.87890625,237.29296875,237.29296875,50.470252990722656,53.04423522949219,35.555885314941406,194.46484375,0.0,23.923321749967364,14.032895,0.0,9173,5.6895306447339555,51.11230356001204,53.10906499996781,55.974986999994144,0
solid,matrix,hello,50,64,2,8.050832118999999,9219,1145.09902376962,1145.09902376962,1893,2.0672535438498407,55.647051778934625,54.85634400000072,63.23225000000002,66.88299499999994,3.597953999999845,10.852485999999999,50.55402116965821,0.4423430957804534,38.33186498736379,18.661375,23.986175,107,13.264668948902228,550.8168610334396,59.74800531873735,6.828414311291646,13.90089899301529,26,256.3984375,256.3984375,256.34375,26.714515686035156,52.03179168701172,30.93743896484375,217.65234375,0.0,20.80991741911364,13.967359,0.0,9219,5.229473902060589,50.905658672632455,52.990846999920905,54.63542800000869,0
solid,matrix,hello,500,1,1,6.102662864,12,1.9663547319300188,1.9663547319300188,1895,0.003553621499068628,508.00272708333324,506.57968299999993,517.902247,517.902247,4.371008999999958,10.62656299999999,2.160965633786684,11.023916666666667,1.6450107280960875,13.828095,14.598143,0,0.0,0,0.0,0,0,0,224.578125,224.703125,224.703125,13.342124938964844,16.265220642089844,16.265220642089844,177.73046875,0.0,3.223898201170455,13.746175,0.0,12,0.9779921635450997,501.67290183329413,504.09705300000496,504.09705300000496,0
solid,matrix,hello,500,16,1,8.294128257999999,256,30.865208740059977,30.865208740059977,1895,0.055780001223004964,513.3743705078124,512.316777,531.6089000000002,535.8963250000002,7.3852640000000065,18.257619999999406,10.457900882203074,3.39505859375,8.392058237634235,16.482303,32.571391,4,0.4813015645303928,46.23938399553299,180.62259373255074,0.5563771964992908,24.48429898917675,1,224.703125,224.8359375,224.8359375,22.37871551513672,39.592063903808594,23.88068389892578,177.73046875,0.0,9.081944019367192,13.524991,0.0,256,1.720828641706581,501.16644744920995,502.7882169999648,505.74343000003137,0
solid,matrix,hello,500,16,2,8.292357216000001,256,30.871800783744717,30.871800783744717,1895,0.05579191444892525,516.1921707929688,511.28194699999995,578.3161920000002,618.6973049999997,7.072782000000188,16.194187,9.041310701191408,2.93571484375,7.989295414133927,15.679487,129.302527,4,0.4812132213960563,143.03835201263428,558.7435625493526,1.72079865387957,125.14358399808407,1,264.28125,264.28125,264.28125,41.257179260253906,45.85047912597656,34.30773162841797,216.73046875,0.0,10.858033292174493,14.270463,0.0,256,2.206237372217953,501.59902844531825,504.58454000018537,518.0622719998937,0
solid,matrix,hello,500,64,1,8.304772697,1024,123.30259205889014,123.30259205889014,1895,0.22283402629050905,513.9226995693365,509.5540209999999,560.656625,587.652262,6.063012999999955,56.874697,17.841714169620055,1.454150390625,14.450181514374648,17.432575,23.592959,13,1.5576527598472902,77.40998701751232,75.59569044678938,0.9275221532120842,13.714402005076408,3,224.8359375,230.11328125,230.11328125,28.44391632080078,47.350868225097656,33.22235870361328,187.27734375,0.0,17.1025696698523,14.114815,0.0,1024,2.5964155338238912,501.1957156162175,503.26130099990405,504.9724709999282,0
solid,matrix,hello,500,64,2,8.336537366,1024,122.83277277401938,122.83277277401938,1895,0.22198496285130187,517.5668649296867,515.447858,535.322749,538.9233689999999,8.728321999999935,22.940678000000048,13.167296948991211,1.0751982421875,10.975242875192901,17.530879,25.051135,13,1.5547174743110213,71.8730720281601,70.1885469025001,0.8595563154968859,12.292983010411263,3,264.53125,264.53125,264.28125,36.93540954589844,46.51341247558594,35.72301483154297,217.078125,0.0,13.062968083229986,13.705215,0.0,1024,2.202043649724807,501.33913286132747,503.43062400002964,504.947329999879,0
solid,matrix,large,200,1,1,6.092505422,28,4.595810436030499,4.595810436030499,1607700,7.046398580557092,217.19720717857152,216.77562299999977,220.11503700000003,221.59649499999978,5.66366300000027,7.458912999999939,9.30280306390798,20.306035714285713,7.108197420432788,16.416767,20.103167,8,1.3089427054810208,23.18707001209259,828.109643289021,0.379381826922579,4.606747999787331,4,286.765625,289.8984375,280.421875,41.39277648925781,47.3388671875,28.25275421142578,242.828125,0.0,7.0434098753176615,14.729215,0.0,28,1.361881381238077,201.2471079999897,203.71679700003006,204.00212999992073,0
solid,matrix,large,200,16,1,8.259313399,507,61.385247841713486,61.385247841713486,1607700,94.11722465050008,256.5366864516765,259.68230600000015,267.8732179999997,270.6947570000002,15.47990800000025,44.08251599999949,32.225488386977105,5.2562899408284025,26.510631030780463,49.348607,58.064895,63,7.6182072774632275,93.25736401975155,183.93957400345474,1.127704649606839,5.749329999089241,31,272.91796875,297.48046875,286.6875,14.14178466796875,61.707130432128906,40.04573059082031,252.00390625,0.0,28.167140623689697,15.818751,0.0,507,1.310915207799372,202.0153068954679,203.9451719999779,204.72271299990825,0
solid,matrix,large,200,16,2,8.084017201,496,61.35563392154143,61.35563392154143,1607700,94.07181993070807,259.9374169435484,260.1147799999999,269.95355900000004,280.9699609999998,14.547940000000153,44.82181499999933,32.315925072574956,5.275776209677419,26.665894478463674,48.955391,60.325887,61,7.53318071384188,85.46434399485588,172.3071451509191,1.0554399145954039,5.079659998416901,31,277.9453125,293.265625,293.265625,31.811073303222656,60.31587219238281,59.941436767578125,245.72265625,0.0,26.751089700291438,14.999551,0.0,496,1.2759484937306247,201.61289678830204,203.44910599989817,204.73993699997663,0
solid,matrix,large,200,64,1,8.343286928,1589,190.45251754045873,190.45251754045873,1607700,292.0060276506381,330.9505365689111,334.00689200000033,347.81009300000005,355.7857260000005,53.93749099999968,117.7164859999998,52.908569093239365,2.7851655129011954,41.87102048406652,125.173759,136.052735,156,18.64986568809069,749.1223789602518,471.44265510399737,8.955789584327993,13.11165900528431,47,256.82421875,347.13671875,276.69921875,14.972412109375,96.23347473144531,14.858573913574219,301.57421875,0.0,36.86989354467048,14.630911,0.0,1589,1.4948476497474101,202.35231959723131,204.48371900012717,206.2588130000513,0
solid,matrix,large,200,64,2,8.317996140000002,1600,192.35402049609507,192.35402049609507,1607700,294.9214541927071,329.9118416625001,331.07701999999995,348.5696630000002,359.8775230000001,53.207262000000014,116.52447099999972,53.87246226040806,2.80474375,42.24966385272519,118.882303,131.399679,163,19.56776654829544,755.0418689697981,471.9011681061238,9.064100016067291,13.209857001900673,49,268.80859375,376.03515625,274.9375,57.946311950683594,96.51317596435547,54.801795959472656,328.6015625,0.0,37.8177010518867,14.163967,0.0,1600,1.4745996444823386,202.12251915000073,205.10401999996975,208.8637649999,0
solid,matrix,large,50,1,1,6.039478411,94,15.564257971150813,15.564257971150813,1607698,23.863436137870046,64.05832274468092,63.462671,70.41708400000016,82.817284,5.523163999999952,7.5962030000000595,26.893455283604748,17.375436170212765,20.380684419999195,19.906559,30.212095,30,4.939742265818783,55.50755099952221,590.5058616970448,0.9139766524814382,4.742871999740601,15,249.6171875,252.46875,244.82421875,26.242080688476562,32.356361389160156,16.816390991210938,205.421875,0.0,12.773656071978369,16.482303,0.0,94,2.0518827055659963,51.0659088297757,52.321634999942034,54.192967999959365,0
solid,matrix,large,50,16,1,8.031281199999999,1767,220.0147094837123,220.0147094837123,1607698,337.3310169291928,72.526869359366,72.0204990000002,78.35491199999979,97.12377599999999,9.964201999999204,18.57003099999997,53.80470864096522,2.4497340124504814,41.3182995217648,26.968063,31.457279,220,27.34560166381517,174.51436498761177,98.76308148704683,2.1691819588931294,3.642414003610611,110,260.01171875,289.17578125,261.65234375,14.036636352539062,67.0970458984375,14.440872192382812,242.08984375,0.0,35.842909033012425,13.901823,0.0,1767,1.2753999244680674,51.293107498585535,52.85388599988073,56.45221699983813,0
solid,matrix,large,50,16,2,8.072893361,1691,209.4664111592493,209.4664111592493,1607698,321.1581519011524,75.99704655529285,74.44567199999983,85.95603600000004,94.73948500000006,12.103361999999834,23.957641999999396,61.66585529688399,2.947652276759314,43.53971714134574,31.113215,41.058303,212,26.227733530758286,244.85111489892006,144.79663802419873,3.0291933001311113,6.236660003662109,106,232.87109375,258.96875,233.796875,14.169876098632812,65.16851806640625,13.73431396484375,220.6796875,0.0,33.18471779837957,14.401535,0.0,1691,1.0950240937393967,50.750971039621646,52.39615399995819,53.17402800009586,0
solid,matrix,large,50,64,1,8.26696952,3140,379.8247946122825,379.8247946122825,1607698,582.3550821767592,165.29740270254797,160.09615500000018,218.7364550000002,326.86884999999995,56.42596600000002,108.82568599999968,102.40551412732768,2.7074678343949046,76.42637546684085,137.625599,234.749951,307,36.98015813197209,1424.964784115553,453.81044080113145,17.164632915011275,30.97631600499153,94,249.16796875,345.625,311.66015625,14.866035461425781,96.75199127197266,43.20732116699219,298.6171875,0.0,65.93216702020072,16.318463,0.0,3140,1.8808022674845728,51.41861903439372,52.81888599996455,60.819381000008434,0
solid,matrix,large,50,64,2,8.146355118,3426,420.5561813073909,420.5561813073909,1607698,644.8052707438752,150.89747982457666,147.8611379999993,184.17960099999982,226.97655600000002,53.67981899999995,94.67135999999982,102.66935313490308,2.4460814360770575,76.53120545423809,97.255423,141.819903,288,35.283774939190046,528.2903242111206,154.20032814101594,6.472248924311431,14.848192006349564,105,227.69921875,331.78125,303.16796875,13.672897338867188,117.16996002197266,88.78194427490234,292.9296875,0.0,66.22143460300835,16.162815,0.0,3426,1.7905156833880547,51.156025927614216,52.757569999899715,53.50211100000888,0
solid,matrix,large,500,1,1,6.2023382730000005,12,1.9347541962098975,1.9347541962098975,1607700,2.966408082243588,516.3442001666666,516.292864,522.599693,522.599693,6.382372000000032,9.098869999999998,4.475835218340519,23.182083333333335,3.242744673527731,15.638527,20.643839,4,0.6435767878700174,12.518701002001762,1043.2250835001469,0.20141863447933656,7.695287004113197,2,257.23828125,263.37890625,255.734375,20.953689575195312,32.92292785644531,16.683609008789062,219.1640625,0.0,5.026629509986505,13.836287,0.0,12,1.078401060939473,500.90958441669744,502.5339550001081,502.5339550001081,0
solid,matrix,large,500,16,1,8.559113598,233,27.222445096936777,27.222445096936777,1607700,41.73805711969877,568.9647926008583,562.8905439999999,626.4290490000001,640.369374,17.173531000000366,50.86080300000003,16.222995959116478,5.977579399141631,13.9934342111778,52.330495,84.148223,28,3.261428161134751,41.01647399365902,176.03636907149794,0.4777581548334666,4.638788998126984,14,255.765625,278.80859375,268.03125,16.904678344726562,61.60100555419922,39.98729705810547,234.53125,0.0,19.690630999837882,15.654911,0.0,233,1.2289539357079353,501.9262748712418,503.893870000029,505.2626610000152,0
solid,matrix,large,500,16,2,8.219966915999999,224,27.25071795167308,27.25071795167308,1607700,41.78140568819505,583.7094951651785,574.7921940000001,688.457951,747.608223,28.464928999999756,67.82926300000008,21.90367739439308,8.096566964285715,17.91710218503643,62.062591,67.239935,28,3.381630370472308,63.39101701974869,282.99561169530665,0.7655892441753898,11.5643630027771,14,250.5546875,279.71875,252.0859375,14.183204650878906,68.69094848632812,13.568519592285156,241.30078125,0.0,24.48737957314383,18.464767,0.0,224,1.7536331738721382,501.38773124106956,503.0153110001702,503.94189299992286,0
solid,matrix,large,500,64,1,8.552866101,832,97.27733255437295,97.27733255437295,1607700,149.14776568190135,650.2372673930287,652.5323660000004,677.78056,697.727882,48.15572099999963,121.90542900000037,31.091020520983953,3.204847355769231,24.88439858848195,137.232383,177.733631,79,9.211521988955777,402.5733920186758,483.86225002244686,4.694067914871578,14.213492006063461,22,343.08984375,372.3203125,278.6484375,14.824760437011719,78.42008209228516,40.838043212890625,328.0625,0.0,26.92957379968984,13.860863,0.0,832,1.604622109633361,503.5332538437523,506.88520200015046,511.6434499998577,0
solid,matrix,large,500,64,2,8.867875660000001,828,93.37072730223643,93.37072730223643,1607700,143.15807178860237,670.5390664311593,661.4058130000003,817.6126499999991,912.8420100000003,58.568980999999894,152.86850800000047,35.1973891529484,3.7870229468599037,28.666956115662405,142.213119,315.621375,71,7.969673417067044,164.85145092010498,199.0959552175181,1.8504397551590046,8.056991010904312,21,351.52734375,359.26171875,264.3359375,28.869606018066406,95.30683898925781,14.15875244140625,320.90625,0.0,35.40638997613687,16.367615,0.0,828,2.01765192507365,503.34535178744034,506.36109900008887,512.9480920000933,0
solid,matrix,medium,200,1,1,6.173233791,29,4.697699938447058,4.697699938447058,837588,3.7524577103080694,212.55579041379303,212.28258299999993,218.89182999999957,220.3384119999996,6.384913000000324,9.959828000000016,6.997420917161574,14.947655172413794,5.57760029691895,15.007743,18.989055,6,0.9685413812561868,19.269072011113167,664.4507590039022,0.31104822701947465,5.969955012202263,3,315.6796875,320.453125,252.015625,51.33879089355469,61.12774658203125,16.95948028564453,273.43359375,0.0,5.873988488991403,15.073279,0.0,29,1.621621690879102,201.08109031036366,202.42600600002334,202.50354800000787,0
solid,matrix,medium,200,16,1,8.082713378,532,65.81948104803872,65.81948104803872,837588,52.57569073873964,242.03292216917288,245.60856399999966,253.817184,260.4287220000001,11.92761800000062,35.247646000000714,30.76647355525491,4.687501879699249,24.06384172329815,42.401791,57.311231,65,8.019328237228052,71.88996104896069,135.13150573112912,0.8869372224817771,3.552372992038727,32,256.9140625,263.3203125,263.3203125,26.359176635742188,40.83155822753906,39.084869384765625,216.2734375,0.0,25.48938513885347,15.646719,0.0,532,1.5214353329249926,201.83114134962102,203.6126720001921,206.09858800005168,0
solid,matrix,medium,200,16,2,8.125859645,528,64.97774057971684,64.97774057971684,837588,51.90332009952914,245.5049947045456,246.64896499999986,250.29395900000054,251.59274900000003,13.1654410000001,35.577620000000024,31.018453226511916,4.781327651515152,23.791838952562962,41.189375,45.776895,65,7.98640014055337,74.52227708697319,141.1406763010856,0.9156380372334768,3.9010360091924667,32,260.90625,273.84375,273.84375,14.720252990722656,39.10673522949219,39.03833770751953,226.39453125,0.0,23.940577145782587,14.401535,0.0,528,1.6268925197366482,201.63688270454506,203.5143130000215,205.69610200007446,0
solid,matrix,medium,200,64,1,8.184780859,1877,229.3280702727731,229.3280702727731,837588,183.18408939707896,276.9276111710175,283.3981249999997,297.3442840000007,314.42456500000026,35.994812999999795,74.83837300000005,41.453821562829305,1.813089504528503,32.73254117337287,77.332479,86.966271,107,13.033613397461997,459.2636469602585,244.67962011734605,5.594266188774283,13.956200003623962,34,253.7578125,301.47265625,279.12109375,14.744400024414062,77.60150146484375,26.734291076660156,254.4453125,0.0,33.208923325788625,14.196735,0.0,1877,1.6620785373748652,201.97967494938726,204.71021299995482,206.06296300003305,0
solid,matrix,medium,200,64,2,8.282722021,1834,221.42479191624196,221.42479191624196,837588,176.8710600009358,284.64327223336954,285.0906219999997,296.4812320000001,302.4832660000002,40.92840399999977,74.67915099999937,39.55923328725702,1.7899116684841876,32.03026795482611,81.199103,102.694911,101,12.171337607093188,487.36201599240303,265.73719519760255,5.8731164688287985,11.962734013795853,29,285.8671875,295.9140625,260.90625,16.42627716064453,79.87620544433594,14.862716674804688,248.671875,0.0,31.06540967242888,13.836287,0.0,1834,1.5899626340402797,202.08388152235642,204.75268699997105,206.6852680000011,0
solid,matrix,medium,50,1,1,6.008703911,98,16.30967367531517,16.30967367531517,837586,13.027910552036793,61.11253748979595,61.28710299999966,64.57285000000002,68.53217200000017,6.660534999999982,8.705917999999997,20.38517062662992,12.533163265306122,16.485048614684604,16.875519,21.151743,18,2.987446132948004,74.71300801634789,762.3776328198763,1.2400060382186207,8.392725005745888,9,279.0859375,285.4921875,283.08984375,19.390274047851562,31.297775268554688,26.4005126953125,239.9453125,0.0,11.302824569404715,15.351807,0.0,98,2.259901423513326,50.948669387749874,52.548201999859884,53.35223599988967,0
solid,matrix,medium,50,16,1,8.041559685,2028,252.1898834852707,252.1898834852707,837586,201.44530844582934,63.30185190384611,63.044560000000274,70.74500900000004,92.225154,5.9472020000002885,11.889987999999903,49.828881584580614,1.9799541420118345,36.10555379436431,20.316159,45.481983,246,30.527635269895306,227.2543370127678,112.05835158420503,2.820137200742945,15.492567002773285,123,276.734375,300.70703125,289.48046875,14.050765991210938,61.37244415283203,39.45899200439453,255.15625,0.0,31.510075569178746,14.876671,0.0,2028,1.6897453588712612,50.927445980277064,52.57727799983695,55.0455259999726,0
solid,matrix,medium,50,16,2,8.025078028,2038,253.9539170696273,253.9539170696273,837586,202.8543907000359,62.87326882973497,63.016291999999794,66.56103600000006,69.9240319999999,5.990659000000051,11.168652000000066,46.6959281274496,1.8415534838076544,33.0163925352084,19.103743,22.315007,250,31.105021392694972,188.77208697795868,92.62614670164803,2.3487039215172323,4.154328003525734,125,264.56640625,280.484375,264.53125,14.888801574707031,47.408226013183594,14.557662963867188,233.046875,0.0,25.762160750732136,14.278655,0.0,2038,1.471260260969164,50.8442217173716,52.51497199991718,53.85167900007218,0
solid,matrix,medium,50,64,1,8.075815857999999,4594,568.8589339799184,568.8589339799184,837586,454.3955603375473,111.66000858336994,110.47746900000016,125.53103600000031,182.82639299999997,38.65379300000018,59.734271000000035,81.05115607682484,1.428584457988681,61.52840633320916,64.192511,72.613887,251,30.99816769781339,1094.5436848700047,238.25504677187737,13.517469600072914,15.373651012778282,75,273.1953125,300.359375,280.38671875,14.901054382324219,71.21656799316406,28.614227294921875,254.86328125,0.0,54.220343085255934,14.893055,0.0,4594,1.9797801888477107,51.14028391140806,53.15294499997981,58.717689000070095,0
solid,matrix,medium,50,64,2,8.057966443,4656,577.8132774485172,577.8132774485172,837586,461.5481489229142,110.2197085169672,110.44035299999996,122.92633699999988,131.81040799999982,39.10615700000005,60.388544999999795,80.40262711707683,1.3944566151202749,61.44803504778259,65.634303,75.300863,256,31.702406192246347,1152.2055169790983,247.46682065702282,14.268627857897878,11.681567996740341,74,271.0078125,301.41796875,264.515625,35.83039093017578,88.23745727539062,15.464935302734375,253.91796875,0.0,51.348615188274394,13.836287,0.0,4656,1.8676118334314264,50.74907618986337,52.42976400000043,53.409387999912724,0
solid,matrix,medium,500,1,1,6.147694180999999,12,1.9519513571587663,1.9519513571587663,837588,1.5591917355917901,511.7939006666666,511.2807829999997,515.714114,515.714114,6.472203999999692,10.860367999999653,3.413177807270261,17.541333333333334,2.656861037843893,13.467647,15.884287,2,0.3242985906877338,13.31240899860859,1109.3674165507157,0.21585977384537355,10.682328000664711,1,238.92578125,246.83984375,238.125,38.91668701171875,55.58293151855469,15.577255249023438,204.07421875,0.0,4.213976198710773,13.910015,0.0,12,1.158382731415616,501.1599244999622,502.1314139999449,502.1314139999449,0
solid,matrix,medium,500,16,1,8.321143570999999,242,29.082541111704135,29.082541111704135,837588,23.23073143450741,539.3883708471071,541.7020160000002,556.3240479999995,569.2699990000001,12.58886799999982,32.37377199999992,16.112573690070807,5.55804958677686,13.286257513674723,31.326207,41.811967,30,3.5937543545072312,60.366463989019394,249.44819830173304,0.7231408094224746,6.819163009524345,15,237.32421875,250.24609375,238.94140625,13.941322326660156,39.395477294921875,17.40918731689453,207.26953125,0.0,17.12705566513286,14.393343,0.0,242,1.4905455889882455,501.97416541321405,505.5347869999241,508.54749300004914,0
solid,matrix,medium,500,16,2,8.400714405999999,241,28.688036320800503,28.688036320800503,837588,22.915606466166164,554.2497617717843,551.4868940000006,590.268384,613.7122280000003,16.398519999999735,53.36963800000012,18.625445154898603,6.506871369294606,14.534098720114214,38.535167,82.706431,30,3.5631873018179196,50.36059904098511,208.96514124890086,0.5981474900492727,4.3479520082473755,15,267.125,280.0,267.203125,14.691268920898438,42.150474548339844,14.208038330078125,232.4140625,0.0,21.252613715701298,17.137663,0.0,241,1.936483663017497,502.50736240247704,505.4563300004229,512.7671529999934,0
solid,matrix,medium,500,64,1,8.507684003,898,105.55164010362222,105.55164010362222,837588,84.3131896315696,601.4877598307352,609.7045590000007,626.8845489999999,635.018544,37.591310999999905,87.99878200000012,24.81098004670486,2.356759465478842,20.203748643321372,93.650943,110.886911,52,6.096150306556285,263.1040140092373,292.98887974302596,3.08446464549731,11.847409009933472,15,277.30859375,285.26953125,266.98046875,15.04705810546875,75.0468521118164,66.55718994140625,241.0390625,0.0,25.583988731384913,14.639103,0.0,898,1.6437446615739453,503.14667485189653,506.09262000001036,508.7687010001391,0
solid,matrix,medium,500,64,2,8.613478874,855,99.26302862143642,99.26302862143642,837588,79.28993379304093,615.3907803298242,613.1659789999994,688.2147960000002,716.3611339999998,45.09756499999958,106.3732340000006,24.478414877979876,2.471114619883041,19.913843098193297,97.845247,164.364287,50,5.792876779799128,297.2221919745207,347.62829470704173,3.443543068660399,37.73003299534321,15,276.6796875,301.55859375,267.171875,29.229507446289062,68.11814880371094,14.748558044433594,254.078125,0.0,22.323328049572307,14.589951,0.0,855,1.6833832165573324,503.57160641519704,507.28491099970415,510.4725730000064,0
solid,sustained,large,50,64,1,30.10857698,13613,452.13030190840993,452.13030190840993,1607698,693.2153531241863,141.27039927451776,140.80463599999985,154.95659999999953,164.90360000000146,50.68565699999999,85.93682399999989,95.31868692964113,2.109570190259311,71.39754180907913,91.291647,109.182975,1212,40.228408027962615,1924.94398316741,141.4048323784184,6.3892270615371425,9.931169003248215,396,306.32421875,380.6875,337.765625,13.74114990234375,120.31034088134766,38.403106689453125,337.81640625,0.0,58.26354902718875,14.868479,0.0,13613,1.4222883176874934,51.75156396458915,54.04409600002691,55.7084419997409,0
solid,sustained,large,50,64,2,30.145008981000004,13509,448.1338853975642,448.1338853975642,1607698,687.08796623792,142.41369501872794,141.4814180000003,156.12181500000042,173.6733690000001,50.470250000002125,87.10555799999929,93.93966274100384,2.0973197868087943,70.62649345147032,97.255423,106.102783,1253,41.54437328441663,2025.9638618975878,149.97141623344345,6.717270466034453,7.90684200823307,411,288.1953125,334.203125,301.359375,13.739585876464844,97.0363540649414,38.43163299560547,317.2734375,0.0,56.6490028244438,14.786559,0.0,13509,1.35952496234724,51.74177862824574,53.8557790000923,55.631728999782354,0
svelte,matrix,hello,200,1,1,6.201393819,30,4.837622133928211,4.837622133928211,910,0.0041982995432612155,206.31752823333326,205.83043999999995,211.17634399999997,211.51030300000002,205.67793999999958,210.99234499999966,3.0851612726712117,6.3921,2.544427242633831,13.811711,20.627455,0,0.0,0,0.0,0,0,0,314.92578125,314.92578125,314.92578125,15.736625671386719,20.76073455810547,20.76073455810547,267.2890625,0.0,3.9847042919789395,13.901823,0.0,30,1.5181338655122478,200.90639903330398,202.64953099982813,202.95086399978027,0
svelte,matrix,hello,200,16,1,8.117196386,592,72.93158522332196,72.93158522332196,910,0.06329321151087092,218.63852374493234,217.48191399999996,235.13670599999978,238.30857399999968,217.35749699999997,234.76345700000002,10.924294583881387,1.5025304054054054,9.532142257959466,17.809407,37.519359,6,0.7368849340109626,55.5619980096817,93.85472636770557,0.6823799872813588,16.50433699786663,1,314.92578125,314.92578125,314.92578125,32.531837463378906,43.61945343017578,27.438186645507812,267.2890625,0.0,14.88812663519386,13.877247,0.0,592,1.9056296518285536,201.5404501469673,203.5509450000245,206.95306299999356,0
svelte,matrix,hello,200,16,2,8.181041322999999,593,72.48466015357396,72.48466015357396,910,0.06290535043692809,220.33304168634075,219.88805200000024,232.2223780000004,234.49926500000038,219.77630599999975,232.19429500000024,11.603483871417506,1.6077622259696458,9.873665160430107,19.529727,24.133631,6,0.7302358313169252,52.33066701889038,88.24733055462121,0.6368954688984769,14.56317301094532,1,344.37109375,344.37109375,344.37109375,28.3310546875,45.666961669921875,26.58759307861328,300.5546875,0.0,12.749131815037433,14.991359,0.0,593,1.748292579700219,202.56730772850526,204.6692739999853,205.10826099989936,0
svelte,matrix,hello,200,64,1,8.163722153,2177,266.6675762844277,266.6675762844277,910,0.23142575685389444,238.9926500771705,238.38169900000048,251.2632510000003,254.4049950000001,238.32394899999963,251.2427520000001,22.003960041515548,0.8275186035829123,18.403741039719023,28.819455,54.034431,20,2.4428378937551813,96.08715495467186,44.137416148218584,1.1736267161319918,14.396091997623444,4,314.92578125,314.92578125,314.92578125,23.12786102294922,49.003196716308594,41.392982482910156,267.3828125,0.0,23.794521296237477,14.278655,0.0,2177,3.206966078920554,202.97958878319028,205.8227740000002,207.51464499998838,0
svelte,matrix,hello,200,64,2,8.169387059,2187,267.706742770945,267.706742770945,910,0.23232759086757657,234.88563145176076,235.96988600000077,244.45578999999998,247.41032299999983,235.94230400000015,244.43245699999989,22.85337640070535,0.855368541380887,18.260355736827403,26.017791,35.520511,24,2.931970237826174,114.26791198551655,52.24870232533907,1.3959588211669804,14.321097001433372,5,338.30859375,344.37109375,344.37109375,39.19004821777344,48.19245147705078,15.99957275390625,297.50390625,0.0,18.339195275261368,15.056895,0.0,2187,2.8223845049013425,202.94180921353652,206.06031400011852,207.39143999991938,0
svelte,matrix,hello,50,1,1,6.032077652999999,107,17.738498433750188,17.738498433750188,909,0.015377326084402964,56.15204911214954,55.884328999999525,58.88483199999996,62.46879200000001,55.790121,58.69620699999996,7.764035820355083,4.42303738317757,7.238064116428736,14.196735,28.147711,0,0.0,0,0.0,0,0,0,204.7421875,204.7421875,204.7421875,17.670616149902344,35.17582702636719,35.17582702636719,161.3359375,0.0,5.892161096512321,13.271039,0.0,107,2.506121121308825,51.14780088784891,52.60986900003627,53.31916099996306,0
svelte,matrix,hello,50,16,1,8.071934239,1879,232.78187660666345,232.78187660666345,909,0.20179627021356303,68.2282166961151,67.70750399999997,80.59422100000029,85.53539100000035,67.65971200000013,80.56880499999988,31.007761052614466,1.3372623736029803,26.750392305576042,20.217855,31.752191,20,2.468067306660559,138.01151192188263,73.44944753692529,1.7031085025859625,16.292010992765427,4,204.7421875,205.13671875,205.13671875,33.354949951171875,41.42535400390625,36.480201721191406,161.84375,0.0,22.672277995460757,13.795327,0.0,1879,3.675494468524324,51.656120736031184,53.06428599997889,56.059912999975495,0
svelte,matrix,hello,50,16,2,8.065166877,1979,245.37619992013467,245.37619992013467,909,0.21271416256656878,64.73487022385046,64.83402999999998,72.71941000000004,82.2419890000001,64.78657299999986,72.64391199999955,26.974835194314956,1.102423951490652,23.400697408896903,18.579455,31.883263,20,2.472830571276851,143.1164799630642,72.31757451392834,1.7695140345309799,16.814435988664627,4,360.34765625,360.34765625,360.34765625,35.586639404296875,47.327667236328125,33.595848083496094,316.5859375,0.0,23.08700027824675,14.966783,0.0,1979,3.659957211987682,51.857382543201965,54.20390099985525,55.89118199981749,0
svelte,matrix,hello,50,64,1,8.051919391,8030,997.2777433633402,997.2777433633402,909,0.8645300566838037,63.99336107795781,64.08775100000003,74.24592500000017,80.02101200000016,64.08100100000001,74.24188400000003,44.25169591001208,0.4449368617683686,32.08511336061694,18.661375,25.214975,77,9.536888648818127,271.1646419018507,33.76894668765264,3.3585285653436254,9.138255998492241,15,205.26171875,222.90625,222.90625,42.393470764160156,58.704322814941406,22.950393676757812,179.546875,0.0,24.705110426846606,13.705215,0.0,8030,5.1849989838895,51.50470665778343,53.22186900000088,56.2692050000187,0
svelte,matrix,hello,50,64,2,8.054730326,7992,992.211989295593,992.211989295593,909,0.8601386053749981,64.17955870895914,63.99543100000028,74.8875509999998,79.58694700000001,63.98580700000002,74.86251099999981,42.73393828884136,0.43212374874874876,32.23716083404141,18.481151,21.315583,78,9.65170214539611,267.2421220690012,33.43870396258774,3.3068479011712664,11.628847002983093,15,348.25,360.34765625,360.34765625,42.405494689941406,47.580345153808594,34.813446044921875,316.5703125,0.0,21.82994848978273,14.802943,0.0,7992,4.952113339352638,51.68927856293965,53.89024499990046,56.60111899999902,0
svelte,matrix,hello,500,1,1,6.2738244000000005,12,1.9127089371516357,1.9127089371516357,910,0.0016599322631912121,521.8678313333334,509.26284400000077,648.2441880000001,648.2441880000001,508.7935520000001,646.286728,4.010943602923997,21.055,3.2816047570974782,21.037055,71.761919,0,0.0,0,0.0,0,0,0,192.3359375,192.5859375,192.5859375,13.106216430664062,15.913528442382812,15.913528442382812,149.4921875,0.0,4.372489565156352,20.463615,0.0,12,2.3568724831962458,506.7206648333231,568.2408409999916,568.2408409999916,0
svelte,matrix,hello,500,16,1,8.529636713999999,256,30.01300155958788,30.01300155958788,910,0.026046592158532115,531.4421912773441,529.0776070000002,564.7638810000008,573.9290540000002,528.9263570000003,564.4254640000008,8.282130203899648,2.76823828125,7.599973067896195,26.886143,65.404927,2,0.23373761809532087,41.92511200904846,163.76996878534555,0.48997379096872606,22.438556998968124,0,192.5859375,197.71875,197.71875,21.53295135498047,38.649147033691406,23.821029663085938,154.3671875,0.0,11.071804243344516,16.482303,0.0,256,2.0393892130748292,502.98575427343667,514.7351389999967,516.2054729999509,0
svelte,matrix,hello,500,16,2,8.280749293000001,256,30.91507675717287,30.91507675717287,910,0.026829452370669662,516.5735661406248,515.749573,532.7593259999994,533.848641,515.6286170000003,532.7135769999995,4.040785376262655,1.30885546875,3.630846502384947,15.679487,20.021247,1,0.12059633972497007,17.1088760048151,66.83154689380899,0.20632678229890708,17.1088760048151,0,362.51953125,362.51953125,362.51953125,27.760345458984375,43.593658447265625,43.593658447265625,318.5546875,0.0,7.581165597494731,15.040511,0.0,256,1.1057065419474568,501.7887060039102,504.2561019998975,504.7407559999265,0
svelte,matrix,hello,500,64,1,8.192229778000002,960,117.18421309153858,117.18421309153858,910,0.10169757262544643,542.6729704374995,541.9146990000008,553.3423319999999,559.9679189999997,541.8768659999996,553.2774149999996,11.406750456796766,0.97634375,9.167013883098663,27.770879,37.519359,9,1.0952933895717536,43.56852898001671,45.38388435418407,0.5302257976130853,7.735797002911568,1,201.61328125,204.7421875,204.7421875,14.142776489257812,46.734588623046875,30.096839904785156,160.8203125,0.0,13.86758199181945,13.295615,0.0,960,1.8091170742151477,503.18585748749996,507.0928840000415,509.0018019999843,0
svelte,matrix,hello,500,64,2,8.068295696,960,118.98423609783377,118.98423609783377,910,0.10325971112158654,536.2922090906252,537.253205,543.3950139999997,545.819814,537.2323300000007,543.3734319999994,9.824955317018864,0.8268604166666667,8.003397406430441,21.594111,29.065215,10,1.2377335096636706,47.236951008439064,49.20515730045736,0.5846675715748614,8.589358001947403,2,362.51953125,362.51953125,362.51953125,33.652015686035156,44.59619903564453,22.979721069335938,318.5546875,0.0,11.715673781609869,15.065087,0.0,960,1.6609079866056984,502.9392842073032,506.6075720000081,508.9902909998782,0
svelte,matrix,large,200,1,1,6.0759847549999995,27,4.443724118593514,4.443724118593514,1554075,6.5859609218628075,224.69161362962967,224.22209600000042,232.252579,234.7136989999999,219.35656500000005,227.66013,16.91662568958328,38.311592592592596,11.941085482290356,26.148863,31.473663,19,3.1072297825151303,46.55977302789688,1724.4360380702549,0.7614311232601362,7.233943000435829,10,215.23828125,215.25390625,215.23828125,20.415367126464844,20.547218322753906,19.465286254882812,166.0625,0.0,6.139411970929551,15.163391,0.0,27,1.4546114672105863,201.29560414813804,202.5855600000359,203.57126599992625,0
svelte,matrix,large,200,16,1,8.263235458999999,448,54.21605159660017,54.21605159660017,1554075,80.35260237215653,293.3654591227679,293.8329450000001,307.43808199999967,311.129407,291.7752820000005,303.961715,42.31571867458564,7.816676339285714,33.09607582272099,85.196799,94.175231,76,9.18364673989564,101.81306800246239,227.2613125054964,1.2302832237362984,4.5318650007247925,38,233.0,305.578125,212.36328125,14.389793395996094,61.996002197265625,14.34808349609375,256.37890625,0.0,16.919603297130443,14.475263,0.0,448,1.379934530593806,201.92088955133502,203.55485000018962,204.34488899982534,0
svelte,matrix,large,200,16,2,8.284961362,449,54.19457983949014,54.19457983949014,1554075,80.32077948003352,286.76684225167037,287.3892020000003,298.67105200000015,305.0527350000002,285.6273570000003,295.5633130000001,39.17912624115884,7.238452115812918,30.490193711860393,76.283903,91.291647,68,8.197314774931582,55.898011058568954,124.49445670059902,0.6738435175583769,2.2795439958572388,34,367.21484375,395.41796875,371.55859375,14.960884094238281,64.2425765991211,21.141952514648438,348.0390625,0.0,14.902214180465275,15.073279,0.0,449,0.750224479055296,202.28356583517683,204.36107000010088,204.963144000154,0
svelte,matrix,large,200,64,1,8.461490985,1093,129.17345204735216,129.17345204735216,1554075,191.44557236718063,476.0152098847207,477.260796,534.611421,556.031458,472.9294890000001,518.0630409999999,75.39139530399532,5.844541628545288,58.073540652592214,268.959743,305.922047,154,18.17489387555843,202.14512994885445,184.94522410691167,2.385692392390518,6.730526998639107,77,278.875,367.765625,211.86328125,19.204620361328125,62.773963928222656,14.825462341308594,318.59765625,0.0,28.91611718992575,14.598143,0.0,1093,1.183780854466122,202.47701159470088,204.7561510000378,206.5187300001271,0
svelte,matrix,large,200,64,2,8.293290761999998,1152,138.90746545128792,138.90746545128792,1554075,205.87217270966556,453.6006419895836,458.990454,480.160261,501.1553630000001,456.43983100000014,473.5709569999999,75.22673246837768,5.423565972222223,57.03266007911895,247.463935,262.668287,154,18.541954574734234,160.96022303402424,139.72241582814604,1.9379981453480317,5.487781003117561,77,367.08203125,395.34765625,371.48828125,15.05853271484375,65.43782043457031,22.83417510986328,351.5078125,0.0,26.6787359961241,14.991359,0.0,1152,1.0357780126600151,202.34743662152565,205.02410099981353,205.93246100004762,0
svelte,matrix,large,50,1,1,6.061683327,89,14.682390220481407,14.682390220481407,1554074,21.760483645920203,67.92029061797751,66.12698199999977,81.87532199999987,161.33498200000002,63.39277899999979,74.79887899999994,40.4076855559757,27.734921348314607,27.175751670448108,32.292863,64.421887,59,9.65826333330052,122.80506597459316,1379.8322019617208,2.0103112980440074,8.50848200917244,30,218.2734375,221.01953125,216.55078125,25.649879455566406,28.146774291992188,16.916412353515625,174.32421875,0.0,12.335496211953682,22.020095,0.0,89,2.491029118097318,51.23520462921156,52.811135999974795,70.86922100000083,0
svelte,matrix,large,50,16,1,8.076894948,1024,126.78139391345715,126.78139391345715,1554074,187.90022655931665,125.61536573730467,119.12899100000004,180.5928570000001,216.90661200000068,117.78266099999973,178.832903,77.77306133335829,6.1682314453125,61.95014418536077,100.401151,156.631039,136,16.74586111094497,193.69620791077614,189.15645303786732,2.3850072024930715,6.172029003500938,68,212.4140625,323.50390625,289.21875,14.062606811523438,72.37528991699219,18.577590942382812,276.64453125,0.0,28.662757721204326,14.655487,0.0,1024,1.1010582858271503,51.32753134277391,53.09263500000816,55.148213000036776,0
svelte,matrix,large,50,16,2,8.20035614,609,74.26506722426326,74.26506722426326,1554074,110.06680496356935,211.91414510837447,210.74971099999993,235.81247499999972,246.15323699999954,209.49512499999992,230.6693839999998,83.93460390108896,11.33263382594417,76.04113873089472,156.762111,181.534719,100,12.161661079210186,104.26838901638985,171.2124614390638,1.2680768084925753,4.257493004202843,50,332.01953125,355.29296875,330.07421875,20.709800720214844,59.71575927734375,16.375411987304688,308.41015625,0.0,16.126497542526852,14.958591,0.0,609,0.5881259040519663,52.15930701970323,54.32918999996036,54.538723999634385,0
svelte,matrix,large,50,64,1,8.422524739,1606,190.67916684928363,190.67916684928363,1554074,282.6018672391258,325.60425369551643,308.481788,440.6076670000002,476.2637149999996,302.90225899999996,438.3664639999997,109.69483395940753,5.7723779576587795,85.56712923915957,370.147327,417.071103,212,25.085440721193887,332.45669904351234,207.00915258002016,3.9338786868961444,13.022555008530617,106,244.7890625,370.703125,212.33203125,22.883834838867188,63.004432678222656,15.201690673828125,323.07421875,0.0,40.233705358056184,14.753791,0.0,1606,1.0117259581374052,51.32625838293903,52.506177000002936,54.866463999962434,0
svelte,matrix,large,50,64,2,8.65097468,793,91.66597167754051,91.66597167754051,1554074,135.8563454330464,670.6447950794455,683.3636909999998,830.3731509999998,835.8979389999995,679.0553460000001,828.8784060000007,103.02118577832422,11.25964312736444,92.9710833096736,653.787135,737.148927,126,14.53781962998213,153.50738702714443,193.57804164835363,1.7711608765638764,6.757581993937492,63,318.828125,345.45703125,327.73828125,21.808547973632812,51.043121337890625,13.763038635253906,299.23046875,0.0,19.857586062872887,14.999551,0.0,793,0.7815480365196399,51.13074047792665,53.152458999771625,54.31506499974057,0
svelte,matrix,large,500,1,1,6.315962732999999,12,1.8999478792523143,1.8999478792523143,1554075,2.815877438019791,525.8581907500001,523.6837369999998,550.172805,550.172805,517.2468339999998,539.121829,7.701819652674764,40.702,5.413552319170165,25.001983,36.372479,8,1.2614973306266302,23.81761598587036,1984.8013321558635,0.37557323735082015,9.106438994407654,4,212.36328125,216.73828125,213.73828125,14.564407348632812,22.30541229248047,16.800277709960938,170.10546875,0.0,4.90377286012504,16.588799,0.0,12,1.138708894630209,501.1285116666598,502.8415319999913,502.8415319999913,0
svelte,matrix,large,500,16,1,8.148768,208,25.525330945733145,25.525330945733145,1554075,37.830618562212216,622.7360263317307,615.4163709999993,729.500873,753.4000299999998,610.4481310000001,727.4567530000004,26.205505969084566,10.288100961538463,20.861502454826155,97.452031,206.962687,42,5.143316941956152,67.97135093808174,326.7853410484699,0.8323766686844835,6.054320007562637,21,212.37890625,289.359375,237.47265625,14.249763488769531,57.13988494873047,14.129219055175781,242.625,0.0,13.805065679719437,15.040511,0.0,208,1.0679802739666007,501.9610952980746,503.93932199990377,504.2574879999738,0
svelte,matrix,large,500,16,2,8.312453370000002,192,23.097873931291595,23.097873931291595,1554075,34.23292963959883,686.3006235885417,691.576208,702.6915300000001,703.8796590000002,688.9453730000005,699.9851140000001,31.820935747187047,13.797802083333332,28.29975387659353,160.694271,169.738239,38,4.564417937915489,36.443911999464035,189.8120416638752,0.4377506464688609,3.655220001935959,19,342.21484375,365.96484375,338.18359375,21.20343780517578,63.90123748779297,13.255149841308594,318.97265625,0.0,8.830789622175402,15.073279,0.0,192,0.7627673762546984,501.8273108750048,503.0420579998754,503.6589970001951,0
svelte,matrix,large,500,64,1,8.847149358000001,637,72.00059298467649,72.00059298467649,1554075,106.71074060693847,869.5135377032965,819.677302,1160.127771,1234.5849009999997,808.5528679999998,1153.417743,57.023968294305234,7.934885400313972,44.35874029905031,288.358399,623.378431,88,9.927959973067406,153.27366402745247,240.61799690337907,1.7291986379431017,9.441355004906654,44,357.42578125,367.76953125,212.3984375,15.109634399414062,56.26786804199219,15.002487182617188,321.03515625,0.0,28.934871860116214,14.983167,0.0,637,1.4188162963363196,503.30715367032815,506.32206599996425,509.59001699998043,0
svelte,matrix,large,500,64,2,9.166794695,487,53.126530723507166,53.126530723507166,1554075,78.73784373677672,1134.6844227104727,1168.1523799999995,1221.0601960000004,1235.977567,1161.0871819999993,1217.783214,62.73079298848287,11.8331704312115,56.73922406578731,633.864191,703.594495,72,7.837601770213975,97.93666897714138,201.10198968612193,1.06609529186681,6.754914999008179,36,328.69921875,361.46484375,337.76171875,14.523704528808594,57.39527130126953,14.242828369140625,314.42578125,0.0,14.181639511303867,14.991359,0.0,487,0.8353995893042981,503.53385712730255,506.22012599976733,510.0557989999652,0
svelte,matrix,medium,200,1,1,6.090807722,28,4.59709143318775,4.59709143318775,809522,3.5490480911035673,217.23388503571428,217.01782000000003,220.89689499999986,226.103467,213.988785,218.76077499999974,12.505826022376628,27.310928571428573,8.340322803785975,19.578879,23.396351,11,1.7989146972319152,37.622669011354446,1343.666750405516,0.6152724748510658,7.13748399913311,5,212.33203125,216.05859375,216.05859375,14.676116943359375,21.606216430664062,21.606216430664062,167.703125,0.0,6.348715062520658,13.737983,0.0,28,1.3915588552897522,201.1802621785651,202.67080900003202,203.53130799997598,0
svelte,matrix,medium,200,16,1,8.130838372,480,59.034502721511,59.034502721511,809522,45.57583686077406,269.73741407916674,271.156661,282.05067899999995,290.4954939999998,269.70199699999966,280.6110570000001,37.31980965806029,6.333783333333333,28.476944985698015,66.060287,73.990143,60,7.365228587322799,55.95671294629574,116.57648530478279,0.6868899697411218,2.6228280067443848,30,237.625,250.015625,237.640625,14.383354187011719,37.936065673828125,14.216468811035156,202.3515625,0.0,15.961224395256085,14.254079,0.0,480,1.1464117127240976,201.69539176874483,203.5487659999635,205.28646999993362,0
svelte,matrix,medium,200,16,2,8.187258088,480,58.6276864416345,58.6276864416345,809522,45.26176641808018,271.9117705833332,273.471223,277.690842,278.647062,272.34921600000007,276.89903400000003,37.794963183595065,6.453245833333333,28.752812887262575,59.965439,62.423039,59,7.198905808485616,42.46393299102783,88.46652706464133,0.5181251760343292,1.4389549940824509,29,362.76953125,375.14453125,375.14453125,14.88153076171875,38.471771240234375,38.05120849609375,331.34375,0.0,13.408725803608672,15.040511,0.0,480,1.0384297797321078,202.19742909374182,204.27616199990734,204.7841460001655,0
svelte,matrix,medium,200,64,1,8.340246792,1351,161.98561429811463,161.98561429811463,809522,125.0561890200027,382.8548441902295,377.6518040000001,439.87479399999995,463.34520100000003,375.807225,439.27771200000007,62.061008354434776,3.8391961509992596,48.27611888455946,185.991167,227.803135,106,12.68320588477897,216.99748796224594,160.6199022666513,2.5964375625518974,7.718190997838974,53,212.37890625,321.7890625,212.36328125,14.818702697753906,73.34101104736328,15.106880187988281,274.18359375,0.0,27.030562701933274,14.286847,0.0,1351,1.5011478847338993,202.77186209770375,206.6737589999102,209.20700399996713,0
svelte,matrix,medium,200,64,2,8.275523016,1472,177.87395396689936,177.87395396689936,809522,137.32231041259033,356.7780320006796,357.18441699999994,381.511537,389.45520700000003,355.91337399999975,372.324697,59.5893765142727,3.3537452445652174,45.0910743814966,155.320319,167.903231,118,14.243376977118539,137.12487283349037,93.15548426188204,1.655187505683766,6.344469994306564,59,361.42578125,397.40234375,366.63671875,14.893119812011719,76.042236328125,21.216415405273438,353.4140625,0.0,22.445454539467743,14.966783,0.0,1472,1.2646664018834923,202.6514235896795,204.87418400030583,206.03477300005034,0
svelte,matrix,medium,50,1,1,6.010674051,94,15.638845028430906,15.638845028430906,809521,12.073491541157166,63.73362435106387,63.62297699999999,68.09246800000005,72.42491599999994,61.30552499999999,65.87151500000004,33.96378914098959,21.77635106382979,21.94656070853634,21.512191,25.919487,38,6.305024371830287,88.18487598001957,938.1369785108465,1.4631784007390911,6.107235997915268,19,214.89453125,216.47265625,214.12109375,20.64752960205078,23.87084197998047,18.448280334472656,167.23828125,0.0,9.177896976793871,14.172159,0.0,94,1.9817234437760032,51.068310404258305,52.72129500005394,54.93453999981284,0
svelte,matrix,medium,50,16,1,8.093754357,1523,188.169782874966,188.169782874966,809521,145.2707202937368,84.25884867038742,83.50934800000005,90.23904100000027,93.92574100000002,82.96739100000013,89.47045900000012,62.677107379139144,3.337917925147735,46.406140196395015,38.895615,48.201727,190,23.425398571058775,147.04145197570324,96.5472435822083,1.8128971678937087,3.9114910066127777,95,232.59375,258.44921875,248.34765625,14.180145263671875,37.89582824707031,18.94524383544922,209.36328125,0.0,18.427601721897815,13.721599,0.0,1523,1.0176190998037333,51.39063908404656,52.702752999961376,55.353455000091344,0
svelte,matrix,medium,50,16,2,8.084474653000001,1519,187.8909966569475,187.8909966569475,809521,145.05549192879562,84.88096662541145,84.5203360000005,89.68563400000039,101.27502499999991,83.96047799999997,88.49300399999993,61.577983357930194,3.2809236339697168,46.08121652397326,39.354367,62.619647,189,23.35249943596144,130.8561451137066,86.14624431448755,1.6168349497142445,3.809548005461693,94,362.51953125,374.89453125,374.01171875,14.864387512207031,38.43397521972656,36.408790588378906,330.9375,0.0,18.100161085956646,14.860287,0.0,1519,0.8847154381163207,52.141919988158776,54.29619100037962,55.496028000023216,0
svelte,matrix,medium,50,64,1,8.190007259,2834,346.0314393355045,346.0314393355045,809521,267.142979433362,182.1343296065633,180.32324899999998,208.28660100000002,216.03491700000086,179.36158499999965,207.37872800000002,96.7200798797087,2.800229004940014,74.6075840965389,137.232383,158.203903,198,24.1317290893291,262.5821909606457,92.65426639401753,3.2002839878508995,8.6441880017519,99,270.6640625,343.40234375,327.19140625,29.133697509765625,68.71454620361328,38.63709259033203,295.921875,0.0,35.887715280905596,13.705215,0.0,2834,1.3576104584277888,51.30125110303531,52.966003000037745,53.983625000109896,0
svelte,matrix,medium,50,64,2,8.184980825,2917,356.38446349078646,356.38446349078646,809521,275.1357147879839,177.3997490839904,178.11368200000015,187.76521599999978,195.17836,177.43495299999995,185.758237,95.89216867909019,2.696835104559479,73.5400365913692,134.742015,135.135231,210,25.5983288256336,236.5071148723364,81.07888751194254,2.8829461410018884,4.108539000153542,105,362.76953125,394.35546875,370.25390625,14.977256774902344,70.34468078613281,27.749839782714844,350.65625,0.0,32.27979951176911,14.852095,0.0,2917,1.0669585324004376,51.43980052964944,53.96961699984968,54.50772499991581,0
svelte,matrix,medium,500,1,1,6.265479719,12,1.915256379110147,1.915256379110147,809522,1.4786168809223215,520.8882823333334,519.4438130000008,539.096363,539.096363,516.0079320000004,534.017735,6.306961927747556,33.00958333333333,4.387932883850088,19.628031,25.870335,4,0.6368819083092088,12.721967995166779,1060.1639995972316,0.20255978135526242,6.545004993677139,2,224.546875,226.8203125,225.2890625,26.053024291992188,30.878807067871094,18.495208740234375,183.40625,0.0,4.820067738074363,13.631487,0.0,12,1.147749435543992,501.43145424997783,502.53238099999726,502.53238099999726,0
svelte,matrix,medium,500,16,1,8.088562256,224,27.693425965021095,27.693425965021095,809522,21.379888128333864,574.8772462633926,576.3787469999997,581.941069,591.376048,574.1992099999998,579.6853230000002,19.242573260295693,6.961616071428572,14.583878658768532,60.424191,62.029823,27,3.331722532278295,27.722564965486526,123.76145073877913,0.34208849758540855,3.8939090073108673,13,233.5,250.5,250.5,14.013458251953125,37.82154083251953,37.82154083251953,207.03125,0.0,12.284469909257759,13.647871,0.0,224,1.1964030538263626,502.4370312991076,505.05927800002974,505.74210899998434,0
svelte,matrix,medium,500,16,2,8.125363989000002,224,27.567995760343525,27.567995760343525,809522,21.2830534590767,578.1102011607143,578.0016399999995,593.0331780000006,599.1689480000005,575.6405139999997,591.3561230000005,18.687084795765795,6.786379464285714,14.845090802586588,59.736063,69.664767,27,3.3190910199307866,38.68063396215439,172.68140161676067,0.4754983141815423,3.6501049995422363,13,367.48046875,379.89453125,379.89453125,14.959930419921875,38.14771270751953,37.641746520996094,332.4453125,0.0,10.849663827281606,15.073279,0.0,224,0.9457638785809996,503.0372515759144,505.03508899966255,505.80782500002533,0
svelte,matrix,medium,500,64,1,8.411058514,768,91.30836490100299,91.30836490100299,809522,70.4919149125955,693.1360530833326,689.5728349999999,806.6392470000001,813.5805650000002,685.6702180000002,805.5459989999999,36.88534626620541,4.049235677083334,29.567147500001532,174.981119,288.882687,60,7.116571883815279,121.91107001900673,158.73837242058167,1.4459814887051652,9.10164700448513,30,309.4609375,325.015625,212.36328125,26.689697265625,74.49815368652344,14.880973815917969,281.625,0.0,19.907827168346152,13.926399,0.0,768,1.395255116268933,503.6821707669271,506.9214820000343,508.269270000048,0
svelte,matrix,medium,500,64,2,8.202102102,768,93.63453300742636,93.63453300742636,809522,72.28776400493412,676.3048157395838,673.7709730000001,732.6459299999997,744.74885,671.3112229999997,731.6244889999998,35.98900775421014,3.8524726562500002,27.400971396540264,153.616383,239.468543,60,7.298276929328089,75.58058600127697,98.41222135582939,0.9193467451970287,4.802209988236427,30,371.26953125,395.95703125,367.44921875,21.538970947265625,66.30994415283203,14.968734741210938,348.671875,0.0,18.444693566511166,14.934015,0.0,768,1.251998160656927,503.174744481775,506.2719010002911,508.12966099986807,0
svelte,sustained,large,50,64,1,30.643117477,2836,92.5493302738742,92.5493302738742,1554074,137.16555394748764,683.8220280962629,660.7077710000012,789.2643150000004,1469.4388250000002,659.0506029999997,786.9109010000002,102.49035772095992,11.081306770098731,93.04076190071834,652.738559,1432.354815,428,13.958205038425378,444.46507020294666,156.7225212281194,1.4495174257735652,5.061827003955841,214,268.21484375,357.12109375,269.5859375,13.482887268066406,58.38397979736328,14.733932495117188,308.56640625,0.0,17.645917066808032,15.032319,0.0,2836,0.5999200004887172,52.21105403632332,53.783040000125766,62.58906600018963,0
svelte,sustained,large,50,64,2,30.649974502,2984,97.35734037251109,97.35734037251109,1554074,144.29141176421146,650.3942936725869,654.2404889999998,674.4179560000011,703.201862,652.9933309999997,669.7960190000003,101.87296090181661,10.470069034852548,92.68854265431777,601.882623,607.649791,446,14.54271267272289,464.22805255651474,155.57240367175427,1.5137074401226671,4.115373998880386,223,210.1484375,350.8671875,196.72265625,13.41644287109375,57.67035675048828,14.590507507324219,307.13671875,0.0,14.670386185555085,14.966783,0.0,2984,0.376232724700503,52.07340047151414,54.02445700019598,55.18211799999699,0
tanstack,matrix,hello,200,1,1,6.026804864,29,4.811836562558399,4.811836562558399,1408,0.006461206321794725,207.52700527586205,207.27924500000063,212.339527,217.77774899999986,207.18103000000065,211.66965100000002,3.8848162214371853,8.095965517241378,3.0786159572668006,14.221311,25.493503,0,0.0,0,0.0,0,0,0,359.47265625,359.47265625,359.47265625,21.337356567382812,28.079978942871094,28.079978942871094,310.78125,0.0,4.215090393716947,14.024703,0.0,29,1.713077387504906,201.09265596549636,202.46368699986488,203.0025550001301,0
tanstack,matrix,hello,200,16,1,8.105987224,577,71.18195280293968,71.18195280293968,1408,0.09558123545316607,224.09807395320604,223.49578199999996,235.81840199999988,241.59981300000027,223.38769100000013,235.76414900000054,14.743149816520964,2.0773258232235703,12.982780655836256,24.182783,30.982143,8,0.984010726797365,50.66790400445461,87.81265858657646,0.6232220130590312,13.148632004857063,2,359.47265625,359.47265625,359.47265625,45.05805206298828,46.749244689941406,37.969459533691406,310.78125,0.0,15.822461482836639,14.376959,0.0,577,1.9436160906265587,201.35809027210186,203.4725019999314,204.46077300002798,0
tanstack,matrix,hello,200,16,2,8.036047903,561,69.81043502622336,69.81043502622336,1408,0.09373959781353235,228.56060477361873,228.09149199999956,242.34434800000008,250.76162899999963,228.0287840000001,242.27309800000012,16.646823071605816,2.389340463458111,14.430475679547344,26.722303,34.013183,9,1.1177198761914353,63.73199801146984,113.60427453024927,0.7914946769645874,13.764148995280266,2,356.0234375,356.0234375,356.0234375,49.611053466796875,54.42091369628906,32.91053009033203,308.1796875,0.0,14.874821492803452,13.819903,0.0,561,2.214714117949935,201.71524307307823,203.79510700004175,209.17364099994302,0
tanstack,matrix,hello,200,64,1,8.043122498999999,2125,264.2008747553206,264.2008747553206,1408,0.35476191678570884,241.20615268752877,243.15945499999998,261.0833910000001,266.4837789999997,243.08870000000024,261.06651500000044,26.15256608188124,0.9932541176470588,22.73398498983818,36.896767,46.858239,28,3.4693892696978192,164.779280051589,77.54319061251249,2.041726664569696,15.564661011099815,5,359.47265625,359.47265625,359.47265625,37.352203369140625,58.415252685546875,38.179603576660156,310.8125,0.0,20.880418559377237,13.950975,0.0,2125,2.9511391979211243,202.62118538211823,206.02524899994023,210.72379900002852,0
tanstack,matrix,hello,200,64,2,8.189935825000001,2132,260.31950012257875,260.31950012257875,1408,0.3495501100278768,244.97644347514105,247.95734100000027,259.7990339999999,262.1397390000002,247.93942400000014,259.76049200000034,28.086163420677213,1.0809929643527205,23.987928370517242,39.485439,53.018623,27,3.2903804409827697,120.64442601799965,56.58744184709177,1.470244665493403,10.330444991588593,5,355.88671875,356.0234375,356.0234375,30.02960205078125,55.742759704589844,32.11064910888672,308.1796875,0.0,18.793101792079266,13.770751,0.0,2132,2.8699929601483714,202.53689835600204,206.53647900000215,210.99755600001663,0
tanstack,matrix,hello,50,1,1,6.002756570000001,104,17.325373565831605,17.325373565831605,1406,0.02323100589137958,57.520926971153784,57.01486799999975,60.85335899999973,62.763688,56.90099400000008,60.71102599999995,11.722801192402143,6.787076923076923,9.758814501842366,14.819327,29.638655,3,0.49823765154941557,26.693229988217354,256.6656729636284,0.4433190740532616,23.475612998008728,1,222.54296875,222.79296875,222.79296875,54.43586730957031,57.96476745605469,38.04126739501953,178.87109375,0.0,5.826931729788968,13.729791,0.0,104,2.379005338909015,51.06374914422094,52.552919999929145,53.13112700008787,0
tanstack,matrix,hello,50,16,1,8.068727873,1841,228.1648394860918,228.1648394860918,1406,0.3059384959387255,69.91749576480183,70.51237900000024,77.31261300000006,85.38171899999998,70.46954600000004,77.2649879999999,34.1059217203053,1.4978826724606191,29.352229819166027,23.953407,31.703039,26,3.215670588895489,139.31396797299385,75.6729864057544,1.7230301132041708,11.461681991815567,5,222.91796875,223.16796875,223.16796875,19.889808654785156,50.599220275878906,32.80332946777344,179.23046875,0.0,19.483356389639944,13.885439,0.0,1841,2.892912478164688,51.37837067898199,53.28979300009087,55.467746999813244,0
tanstack,matrix,hello,50,16,2,8.022444683,1894,236.08763598127263,236.08763598127263,1406,0.31656190508810933,67.56499095828939,68.68268599999988,77.35316000000057,83.04172000000017,68.62360799999988,77.25071000000025,32.8890377887222,1.3963511087645195,29.452534098607547,21.839871,31.277055,26,3.233329070097759,170.78887297213078,90.17363937282512,2.1239101070385535,15.062683001160622,5,357.02734375,357.15234375,357.15234375,34.314735412597656,50.74424743652344,39.73869323730469,309.16796875,0.0,22.11931660612324,14.008319,0.0,1894,3.8423086605634422,51.57662257391673,53.308945999946445,62.162279000040144,0
tanstack,matrix,hello,50,64,1,8.029921171,8466,1054.3067384739586,1054.3067384739586,1406,1.4136841528838975,60.38840401913514,59.3118629999999,69.0096739999999,73.79807899999992,59.305945999999494,69.0010900000002,44.43651020167482,0.4230116938341602,33.53567010740479,17.367039,21.561343,105,13.028625663219671,340.44696305692196,40.213437639608074,4.224339085570108,7.591523990035057,20,227.16796875,229.05859375,228.99609375,56.86701965332031,58.26765441894531,41.362327575683594,182.2890625,0.0,15.533022798965883,14.229503,0.0,8466,3.460242711318334,51.03277029388066,52.908502999925986,54.30195800005458,0
tanstack,matrix,hello,50,64,2,8.049020109,8221,1021.3665624723313,1021.3665624723313,1406,1.3695157879219988,62.475214231237096,61.15365600000041,74.00877800000012,89.024633,61.145074999999906,74.00144399999999,45.25211498752602,0.4447091594696509,34.111193162983895,19.169279,34.373631,107,13.244084317432014,392.3225350379944,47.72199672034964,4.856030592216705,13.42569699883461,21,356.15234375,357.15234375,357.02734375,27.92365264892578,61.29364013671875,36.74144744873047,309.2421875,0.0,15.150444190461021,14.024703,0.0,8221,3.5723145764933952,51.10447788091531,53.144167999736965,54.719576000235975,0
tanstack,matrix,hello,500,1,1,6.108801699000001,12,1.9643787098154417,1.9643787098154417,1408,0.0026377155527306955,508.58587874999995,507.40178400000013,514.559851,514.559851,507.23686799999996,513.629603,2.4737352818430765,12.629916666666666,1.7817158132865176,13.746175,16.359423,0,0.0,0,0.0,0,0,0,213.8359375,213.9609375,213.9609375,17.07331085205078,20.600326538085938,20.600326538085938,169.88671875,0.0,3.195088228683986,13.819903,0.0,12,1.0706302216891626,501.02753866667626,503.6435020000208,503.6435020000208,0
tanstack,matrix,hello,500,16,1,8.257691894,244,29.548208280486854,29.548208280486854,1408,0.0396765492047553,528.4607906639344,528.1435279999996,564.6805690000001,582.1698200000001,528.089903,564.5048189999998,12.298301575329539,4.172053278688525,9.768703306041946,22.249471,62.652415,15,1.8121607734323437,38.17699299752712,156.46308605543902,0.46121899438479946,6.978233993053436,2,139.9296875,160.14453125,160.14453125,16.928245544433594,27.67218780517578,27.67218780517578,115.76171875,0.0,10.313303703074231,13.828095,0.0,244,1.5421642221937473,501.61020961066146,503.7314179998357,507.87482500006445,0
tanstack,matrix,hello,500,16,2,8.430196166,256,30.367027641952028,30.367027641952028,1408,0.04077603809344144,525.6924235117186,524.5751359999999,546.6695989999998,548.56673,524.5036,546.6192279999996,6.969662341674448,2.2990859375,5.902316847450832,17.858559,24.608767,4,0.4736707415429671,29.34638801217079,114.63432817254215,0.3475131342833145,17.75008000433445,1,366.12109375,366.12109375,366.12109375,39.58766174316406,56.741615295410156,33.70509338378906,317.921875,0.0,8.546730192684532,13.819903,0.0,256,1.4740013964005252,502.1718550351634,503.8779299999587,505.46241999976337,0
tanstack,matrix,hello,500,64,1,8.312249393,963,115.85311682430653,115.85311682430653,1408,0.15556448792326316,549.7870467601244,553.3450950000001,569.362682,579.656992,553.3024700000001,569.3323909999999,17.453288058954797,1.511041536863967,14.51626703199072,32.112639,40.927231,12,1.4393148716128186,60.52052301168442,62.84581828835349,0.7259007400708599,11.13688999414444,2,175.15625,222.54296875,222.54296875,25.142135620117188,54.59974670410156,50.253089904785156,178.65234375,0.0,14.715628075930033,15.089663,0.0,963,2.09930062666085,502.2782587331267,505.2944970000535,506.62849499983713,0
tanstack,matrix,hello,500,64,2,8.193997953,960,117.15892602200654,117.15892602200654,1408,0.1573178938283779,543.4679724333333,543.3059249999999,562.7574460000001,568.280436,543.2653459999992,562.6932430000002,13.718334932001644,1.1736135416666669,11.733903401257471,29.720575,47.415295,13,1.582881521689346,80.71587596833706,84.07903746701777,0.9827974505942298,14.455400988459587,3,366.12109375,366.12109375,366.12109375,34.14916229248047,54.03063201904297,32.67920684814453,317.921875,0.0,12.849388614359995,13.582335,0.0,960,2.002811207813953,502.6152246531196,507.19081600010395,507.7795989997685,0
tanstack,matrix,large,200,1,1,6.050066468,27,4.462760887472617,4.462760887472617,1554573,6.61629446136567,223.78613837037034,223.47187200000008,229.183983,232.82314099999985,218.5175929999998,222.09841700000004,11.271100026149135,25.38240740740741,9.948646686625363,25.477119,33.619967,6,0.9867814563439946,21.246031016111374,786.8900376337546,0.3494198237934677,5.0194880068302155,1,359.26953125,359.78515625,358.87890625,43.243934631347656,48.84751892089844,36.219261169433594,311.1953125,0.0,7.835449587610151,17.809407,0.0,27,1.4142375002501955,200.7378196296265,201.7781749998685,201.91996600013226,0
tanstack,matrix,large,200,16,1,8.248703193999999,464,56.25126630056318,56.25126630056318,1554573,83.39567166010418,282.93425092672385,282.459395,297.50064999999995,304.29000900000005,280.1858169999996,295.0393640000002,32.632060244752914,5.814331896551724,30.410541928228476,70.057983,82.903039,83,10.039331320549667,127.24652400612831,274.23819828906966,1.5391204986575893,7.829023003578186,13,357.84375,361.3359375,357.1015625,25.788543701171875,56.69416046142578,18.152114868164062,312.94921875,0.0,17.389618703284725,14.393343,0.0,464,0.8163413945542951,201.3619465215472,203.58712899987586,204.83070900011808,0
tanstack,matrix,large,200,16,2,8.277326761,400,48.324780638679925,48.324780638679925,1554573,71.64421006375748,328.5435132250001,308.9909690000004,445.82284400000003,462.07730100000003,303.87290100000064,426.75795800000014,51.727479271280934,10.7784725,43.21271143279011,146.145279,238.813183,99,11.877890043920445,181.3802860379219,453.45071509480476,2.1761768623164395,8.30571399629116,25,366.25,369.47265625,366.19140625,19.754127502441406,50.890045166015625,18.43956756591797,321.48046875,0.0,30.17006301460247,16.457727,0.0,400,1.7079801100662277,201.80078456250368,203.6756339999847,205.23112699994817,0
tanstack,matrix,large,200,64,1,8.465768001,1152,136.07743560465187,136.07743560465187,1554573,201.74246530554817,462.8888999427077,454.466582,598.6520460000002,628.6889650000003,444.78721399999995,595.5556820000002,64.32828084762019,4.7351796875,58.25000738335716,271.319039,386.662399,163,19.2220900081011,174.04854902625084,151.08380991862052,2.0525011504061297,5.686069995164871,9,360.01171875,361.69921875,360.78515625,52.75977325439453,73.46818542480469,53.35478210449219,313.39453125,0.0,37.143771275650465,14.729215,0.0,1152,1.3693202382845961,202.4067513420149,204.85688199987635,210.5063679998275,0
tanstack,matrix,large,200,64,2,8.743266998000001,810,92.64271583897477,92.64271583897477,1554573,137.34804600710154,662.7153169395056,532.710489,1311.3289109999996,1494.9750320000003,521.1603000000005,1287.2142029999995,82.4364005070237,8.922686419753086,70.94063428693646,518.258687,965.214207,140,15.96858399366979,456.1932570338249,563.2015518936109,5.203400244493161,47.736542001366615,25,367.77734375,370.1796875,367.50390625,32.67143249511719,58.16648864746094,33.91435241699219,322.19140625,0.0,48.76662671677213,27.983871,0.0,810,2.7130794788456827,202.73961262345878,206.2649139999412,207.61909100040793,0
tanstack,matrix,large,50,1,1,6.070481495,88,14.496378923563459,14.496378923563459,1554571,21.491670875151605,68.81059434090912,68.89303900000004,72.7949050000002,79.40408100000013,64.82301099999995,69.51972000000023,31.920319752942184,22.09146590909091,26.568087527888274,26.116095,29.343743,28,4.597461036642498,64.33365501463413,731.0642615299333,1.056326686694931,7.029519006609917,10,345.94140625,348.50390625,345.53125,25.110260009765625,49.88359069824219,17.8087158203125,301.09375,0.0,12.642910937498327,17.186815,0.0,88,2.0106333361104975,50.859573625006966,52.90761599992402,53.529297000030056,0
tanstack,matrix,large,50,16,1,8.049882095,1121,139.25669801999754,139.25669801999754,1554571,206.45563535465774,114.21189514451397,103.5972469999997,170.56704200000013,305.8386300000002,102.22199999999998,167.26042499999994,70.91972941190338,5.11364585191793,60.104490292094404,108.658687,231.473151,233,28.826155887272787,244.82708002626896,218.40060662468238,3.0289371563360685,42.53302200138569,46,346.1875,348.34765625,345.83984375,25.342010498046875,53.186798095703125,21.047637939453125,300.875,0.0,40.021939883274186,18.448383,0.0,1121,2.4032030135478815,51.79605459857148,53.21174499997869,113.9832639999222,0
tanstack,matrix,large,50,16,2,8.110115215,1183,145.86722489613854,145.86722489613854,1554571,216.25610129739283,109.18690331022808,108.37705499999993,121.54400100000021,138.56328200000007,106.80169300000034,118.91803499999969,71.92620628803724,4.9397810650887575,59.037810982460016,59.473919,82.444287,294,36.186121658094756,351.70019705593586,297.29517925269306,4.328797999265984,4.878119006752968,74,355.2734375,358.6484375,355.80078125,18.03105926513672,50.05255889892578,17.25336456298828,311.9765625,0.0,30.336057556024503,13.762559,0.0,1183,0.8291890753221194,51.18043449027889,52.44277199963108,53.90560900000855,0
tanstack,matrix,large,50,64,1,8.20998783,2048,249.45225771424805,249.45225771424805,1554571,369.8265511771167,253.17188817041017,247.960104,292.31770500000005,371.01134600000023,246.14356700000008,281.8532720000003,88.59041115613262,3.561150390625,81.77930004506595,216.137727,309.067775,291,35.347559912272956,270.8559669852257,132.25389012950473,3.290067876497213,6.111944004893303,18,347.90625,349.578125,345.54296875,40.352569580078125,57.76605224609375,20.4486083984375,302.171875,0.0,46.80713586975229,14.098431,0.0,2048,0.9424070549307346,50.98175300927903,52.69441300001927,53.966409999877214,0
tanstack,matrix,large,50,64,2,8.258146738,1882,227.89616843933584,227.89616843933584,1554571,337.86847540560416,275.87913905472897,274.2258859999997,315.7988489999998,341.0495179999998,271.8843400000005,312.04995899999994,102.48596457951217,4.505130180658874,84.2099842797448,254.803967,268.304383,329,39.76796124698965,457.57659089565277,243.13315137919915,5.530969037771415,7.453455001115799,60,334.76953125,359.765625,355.1171875,18.530654907226562,71.8895034790039,18.583114624023438,313.2265625,0.0,43.706937675632695,14.491647,0.0,1882,0.9572000743614048,51.28426565301623,52.808805000036955,53.83874300029129,0
tanstack,matrix,large,500,1,1,6.343998613,12,1.8915514854322053,1.8915514854322053,1554573,2.804331652987289,528.1763136666667,525.3199159999999,545.186408,545.186408,518.9864270000003,533.4329239999997,5.810212922870905,30.798166666666663,4.97045810326711,23.756799,41.320447,2,0.3144241769191297,12.388207986950874,1032.3506655792396,0.19475760499000086,8.219990998506546,0,291.2890625,292.71875,290.921875,35.71110534667969,50.156890869140625,31.707115173339844,246.08984375,0.0,5.577944670840933,14.934015,0.0,12,1.1081954260785492,500.77264899999136,501.9994070001412,501.9994070001412,0
tanstack,matrix,large,500,16,1,8.462480761,224,26.469779527573216,26.469779527573216,1554573,39.24293953849609,601.2284808973214,597.4005790000001,684.099237,700.3704309999999,588.7512429999997,615.3496880000002,21.17174454597632,8.009133928571428,18.022378613789922,79.626239,103.415807,47,5.546524412756903,61.51678003370762,274.6284822933376,0.7259666430875653,15.728198990225792,10,290.55078125,294.06640625,291.1640625,30.860206604003906,61.875885009765625,27.816261291503906,246.640625,0.0,16.00912961235107,15.081471,0.0,224,1.0083041333077079,501.951795281253,504.417277000146,506.6013030000031,0
tanstack,matrix,large,500,16,2,8.563957875,224,26.156130526272587,26.156130526272587,1554573,38.77793722211757,608.13302575,608.0540759999994,623.9663889999999,640.7312420000001,603.5965819999992,619.7221029999998,23.01315335391447,8.810625,19.44451909600773,82.771967,105.906175,55,6.413337358836712,87.00592993199825,388.4193300535636,1.0145425106785704,5.019619002938271,14,355.90234375,356.30078125,355.99609375,18.99004364013672,27.796249389648438,16.971878051757812,308.71875,0.0,14.066175919411876,14.467071,0.0,224,1.1926158519910077,501.90084125001573,503.6375049999915,508.4132489999756,0
tanstack,matrix,large,500,64,1,8.744247375999999,690,78.90902102035867,78.90902102035867,1554573,116.98706963985637,789.4794304884052,766.9011130000004,1025.737472,1059.3996929999998,759.7698209999999,837.7803009999998,43.08713164375044,5.470849275362319,37.90240895997379,246.808575,319.553535,99,11.300012855305548,134.92273898422718,195.54020142641622,1.5400289747422242,7.492037996649742,6,314.6640625,350.10546875,349.19921875,50.07307434082031,75.25357818603516,55.67780303955078,302.6640625,0.0,27.619553406520232,15.384575,0.0,690,1.334549329998025,502.6699917347845,507.2459880001843,509.9780940001365,0
tanstack,matrix,large,500,64,2,8.795078154999999,648,73.67757154399045,73.67757154399045,1554573,109.2311510351714,809.1814329135804,798.58141,974.328012,1007.1778859999995,796.1838289999996,967.3347290000002,46.39371622590149,6.310973765432099,38.26750212593751,264.896511,476.053503,111,12.592465214239711,192.8313238620758,297.5792034908577,2.187587151305389,7.7707400023937225,20,355.83203125,360.81640625,358.453125,19.031166076660156,64.12911224365234,45.519508361816406,314.12890625,0.0,24.109982313195395,14.458879,0.0,648,1.2972883216314417,502.7980606944414,507.4818750000559,508.09891599975526,0
tanstack,matrix,medium,200,1,1,6.1293828999999995,28,4.568159708214672,4.568159708214672,810021,3.52888612271095,218.54763717857153,215.94139099999995,235.93596700000035,245.72952699999996,212.7135239999999,233.6919310000003,8.231855794941527,18.132964285714287,7.425330405144302,20.070399,40.501247,3,0.4863984374319182,11.152805984020233,398.314499429294,0.18082358012029293,3.7877409905195236,0,346.30859375,347.32421875,345.5703125,34.02024841308594,47.66651916503906,21.297805786132812,298.65234375,0.0,6.141311678790372,14.909439,0.0,28,1.4116832921421865,200.6900437142966,202.2660910000559,202.27558999997564,0
tanstack,matrix,medium,200,16,1,8.248801901999999,464,56.25059317856802,56.25059317856802,810021,43.45337079724965,283.16887458620715,269.94138400000065,375.0163779999998,666.4641259999999,268.62626199999977,374.1232130000003,34.61638257974451,6.171426724137931,30.590170512068905,65.503231,453.246975,49,5.92344287741364,87.65616102516651,188.91414014044508,1.0596454340529504,8.33798000216484,10,345.5703125,347.1171875,346.09375,18.143653869628906,43.79917907714844,26.45806121826172,298.484375,0.0,23.54206546592388,18.071551,0.0,464,1.7909731672459746,201.28570095043486,202.7833390000742,203.26096300012432,0
tanstack,matrix,medium,200,16,2,8.078855282,480,59.41435800557766,59.41435800557766,810021,45.89736717799761,268.2245665541668,268.3408680000002,282.45042399999966,288.4105020000002,267.1788829999996,280.9481340000002,36.1659526728617,6.099529166666667,28.738840613518633,53.739519,73.007103,90,11.117441921943268,98.66110487282276,205.5439684850474,1.2187323370870675,7.010406002402306,30,359.71875,361.25,359.71875,19.441864013671875,41.618446350097656,17.896209716796875,313.1328125,0.0,16.730609498496612,13.844479,0.0,480,1.240028649640358,202.08287316250014,203.97360899997875,207.2493719998747,0
tanstack,matrix,medium,200,64,1,8.214866900999999,1344,163.60581567504087,163.60581567504087,810021,126.38487474337795,387.2919559799111,363.2533229999999,570.9861090000004,786.4822919999997,362.00115900000037,565.33754,55.345751213823654,3.387986607142857,50.07397938502146,198.574079,381.943807,117,14.220969163227227,216.15417194366455,160.82899698189325,2.6272836014647605,17.418623998761177,9,345.87109375,359.74609375,359.7265625,25.20720672607422,67.13763427734375,62.308502197265625,311.203125,0.0,34.19318472700049,16.195583,0.0,1344,1.95444873488733,202.4651122016375,205.63070699991658,209.28615700011142,0
tanstack,matrix,medium,200,64,2,8.144393484,1536,188.59599588570174,188.59599588570174,810021,145.68969457944107,336.5947567070317,336.504015,367.968935,376.70777799999996,335.1692949999997,347.0182080000004,52.253743215662396,2.7747890625,42.87374433857849,128.253951,160.956415,146,17.899836862333544,180.3318980485201,117.40357945867193,2.210898326125667,5.266763001680374,24,357.87109375,362.578125,360.59765625,19.166656494140625,69.74422454833984,31.19158935546875,314.625,0.0,22.879930664028848,13.647871,0.0,1536,1.316358668388132,202.3136785038987,203.91540500009432,205.91311099985614,0
tanstack,matrix,medium,50,1,1,6.021441938,94,15.610878750949437,15.610878750949437,810019,12.059315104451478,63.87252782978719,63.76815799999986,68.23627699999997,77.83489,61.412507000000005,65.10099300000002,21.479074200808267,13.819063829787234,18.899644029116644,21.446655,25.018367,16,2.645629743777731,46.761779978871346,497.46574445607814,0.7732147249005753,7.12745600938797,3,357.8671875,358.76171875,357.1015625,33.71155548095703,49.307212829589844,18.019912719726562,310.6796875,0.0,10.530175529301415,14.344191,0.0,94,2.092678048718825,51.039714393604726,52.32180199981667,52.8447509999387,0
tanstack,matrix,medium,50,16,1,8.07745311,1584,196.10141692298848,196.10141692298848,810019,151.4872299523756,81.23060119381314,79.47845300000017,88.148549,140.151789,78.87083200000052,87.00701900000013,46.0000600042754,2.3525050505050507,40.0701888421837,39.550975,75.563007,159,19.627716695398277,147.5347130149603,93.14060165085877,1.821238710562597,8.344782993197441,28,358.50390625,361.1015625,357.76171875,41.00154113769531,81.2538070678711,30.10436248779297,312.546875,0.0,25.02125900755538,14.016511,0.0,1584,0.9847135519018154,51.067046436869525,52.83150099986233,53.429581000003964,0
tanstack,matrix,medium,50,16,2,8.076316373000001,1622,200.83413342034513,200.83413342034513,810019,155.1432265463014,79.13126240443891,78.84203400000024,82.9197720000002,88.680076,78.22704500000054,81.7901179999999,59.57813309932546,2.971360049321825,45.40118018333612,33.980415,40.370175,303,37.456171865764155,228.51971277594566,140.88761576815392,2.8249087909078816,6.459744989871979,101,366.30859375,367.140625,367.140625,19.53546905517578,34.20091247558594,34.20091247558594,319.02734375,0.0,20.57439345103032,13.852671,0.0,1622,0.8425834125874475,51.19442322255806,52.836694000288844,53.58342199958861,0
tanstack,matrix,medium,50,64,1,8.162583257,2948,361.1601753001268,361.1601753001268,810019,278.9941826214155,175.36783109497983,165.09029999999984,243.89254299999993,272.331361,163.62653899999896,240.175389,83.26182646017851,2.3092059023066485,74.46499192949997,159.121407,200.671231,256,31.310915110153164,284.40084195137024,96.47247013275788,3.4784572732794694,7.531273007392883,22,358.65625,364.39453125,361.64453125,48.49452209472656,92.72618865966797,61.165374755859375,315.8203125,0.0,44.182223020862054,13.869055,0.0,2948,1.5332581767859828,51.21620486126421,53.37503500003368,55.3602869999595,0
tanstack,matrix,medium,50,64,2,8.109832119,3148,388.17079734915285,388.17079734915285,810019,299.8597346286425,163.53719078398998,163.8962509999999,181.62550100000044,188.09911900000003,163.11594199999945,179.25540899999987,87.92768943704462,2.2689949174078783,72.805608156936,118.816767,125.173759,300,36.92994568389379,394.8468732535839,125.42785046174836,4.860557860903384,7.727137997746468,49,359.734375,369.90234375,366.99609375,19.43804931640625,74.65811157226562,28.901321411132812,322.12890625,0.0,38.05436656761232,13.967359,0.0,3148,1.2153688280888015,51.40117403589443,53.37927300017327,56.7747349999845,0
tanstack,matrix,medium,500,1,1,6.259341195999999,12,1.91713466709061,1.91713466709061,810021,1.4809792901720076,521.0249203333334,519.6552419999998,534.098056,534.098056,515.5903399999997,529.015276,5.617725941388387,29.391416666666668,4.430524153945192,18.104319,24.608767,4,0.6371163850430694,14.517866000533104,1209.822166711092,0.23123925761998343,5.122739002108574,2,229.25,230.92578125,229.13671875,46.824066162109375,48.53797149658203,19.776473999023438,184.02734375,0.0,5.274707588134572,13.975551,0.0,12,1.2805331446483341,500.5252370000041,503.27233600011095,503.27233600011095,0
tanstack,matrix,medium,500,16,1,8.107947247,224,27.627214777807247,27.627214777807247,810021,21.341919080290037,576.6949770535716,576.987674,594.6811839999998,600.379199,573.8999880000001,592.5339570000001,15.973802770325104,5.789660714285715,14.350818680700975,60.096511,80.936959,24,2.9560952751965677,48.19094105064869,215.13812969039594,0.593570888112912,4.494831010699272,5,229.46875,230.01171875,229.5,29.469009399414062,39.607749938964844,26.53265380859375,183.3203125,0.0,13.52158359304784,14.508031,0.0,224,1.6808995631819321,502.87289366965393,510.4426150000654,527.4210489999969,0
tanstack,matrix,medium,500,16,2,8.064990036,224,27.774367854160115,27.774367854160115,810021,21.45559427604163,573.6274541517862,573.0620339999996,592.0780299999999,597.2200599999999,572.0124530000003,590.7637000000004,18.7974497028676,6.781285714285715,15.05715500081485,57.802751,67.698687,41,5.073675963639241,59.573651030659676,265.9537992440164,0.7372131739036343,4.1600319892168045,13,366.30859375,366.76953125,366.75390625,19.561325073242188,26.913612365722656,26.913612365722656,320.04296875,0.0,13.232963943068262,14.163967,0.0,224,1.1504581388961457,501.7811316830526,503.58469699975103,507.79206199990585,0
tanstack,matrix,medium,500,64,1,8.658758071,796,91.93004279285401,91.93004279285401,810021,71.01561087904969,665.8352650163324,662.8243900000007,709.5343820000003,712.2492749999992,658.7313990000002,706.6989189999995,29.02478186345481,3.160856783919598,25.75746045171868,141.819903,190.709759,70,8.07512247586422,86.82431004941463,109.07576639373698,1.0015956250449025,3.330114006996155,6,256.484375,292.7265625,290.390625,34.676551818847656,64.71571350097656,26.334197998046875,245.91796875,0.0,19.252333703329423,14.327807,0.0,796,1.482078932130846,503.28724346733765,507.1077499999665,507.90330100012943,0
tanstack,matrix,medium,500,64,2,8.470734420000001,512,60.443401317261454,60.443401317261454,810021,46.69229925003952,1041.8737666835939,920.0194289999995,1577.6941820000002,1670.6517549999999,896.1349019999998,1561.2152619999997,64.09232746313815,10.715609375,54.06254850067159,350.748671,1027.604479,53,6.191488605893129,363.0944000482559,709.1687500942498,4.24168837879694,40.290196999907494,9,367.0859375,368.52734375,366.30859375,37.55836486816406,60.431068420410156,19.998580932617188,321.50390625,0.0,43.4922445300533,24.150015,0.0,512,3.5050872981317758,503.79896472656947,508.69506000028923,513.7534639998339,0
tanstack,sustained,large,50,64,1,30.238962625,7936,262.44286546519714,262.44286546519714,1554571,389.08583432111453,242.9815870284777,241.49411800000235,256.0562179999979,281.094928,240.29110200000014,253.22373900000002,88.66931637590561,3.3802840221774195,80.55138834092908,197.525503,216.662015,1118,36.953902782383075,855.8404496014118,107.84279858888758,2.8288591030233983,5.748324990272522,63,296.3203125,314.2734375,311.96484375,48.20317840576172,73.3456802368164,36.11798858642578,268.03515625,0.0,40.207263533548456,14.876671,0.0,7936,0.7814340003510667,51.859953022050775,54.14320300007239,55.33842899976298,0
tanstack,sustained,large,50,64,2,30.187296551,7873,260.8050703281409,260.8050703281409,1554571,386.6577138758548,244.5170882860408,242.62386799999877,259.4893029999985,289.987638,241.38191800000004,256.9616139999998,88.80889023869024,3.409237012574622,80.61871941820307,197.918719,211.156991,1112,36.79288001587112,880.6245318949223,111.85374468371933,2.9137331601656964,5.405945003032684,64,284.94921875,305.45703125,301.55859375,47.81736755371094,74.01197814941406,21.11243438720703,263.0234375,0.0,40.534670154681166,14.934015,0.0,7873,0.7845030879004853,51.91068262301479,54.3976909997873,55.88883899990469,0
